car_name,speed,safe_distance,reaction_time,stopping_time
AggressiveCar1,0.1,0.44,0.3,4.4
AggressiveCar2,0.1,0.44,0.3,4.4
AggressiveCar1,0.2,0.57,0.3,2.85
AggressiveCar2,0.2,0.58,0.3,2.9
AggressiveCar1,0.3,0.69,0.3,2.3
AggressiveCar2,0.3,0.71,0.3,2.37
AggressiveCar1,0.4,0.87,0.3,2.17
AggressiveCar2,0.4,0.85,0.3,2.12
AggressiveCar1,0.5,1.0,0.3,2.0
AggressiveCar2,0.5,0.95,0.3,1.9
AggressiveCar1,0.6,1.16,0.3,1.93
AggressiveCar2,0.6,1.11,0.3,1.85
AggressiveCar1,0.7,1.3,0.3,1.86
AggressiveCar2,0.7,1.24,0.3,1.77
AggressiveCar1,0.8,1.34,0.3,1.68
AggressiveCar2,0.8,1.35,0.3,1.69
AggressiveCar1,0.9,1.52,0.3,1.69
AggressiveCar2,0.9,1.59,0.3,1.77
AggressiveCar1,1.0,1.62,0.3,1.62
AggressiveCar2,1.0,1.71,0.3,1.71
AggressiveCar1,1.1,1.76,0.3,1.6
AggressiveCar2,1.1,1.75,0.3,1.59
AggressiveCar1,1.2,1.94,0.3,1.62
AggressiveCar2,1.2,1.98,0.3,1.65
AggressiveCar1,1.3,2.18,0.3,1.68
AggressiveCar2,1.3,2.11,0.3,1.62
AggressiveCar1,1.4,2.2,0.3,1.57
AggressiveCar2,1.4,2.32,0.3,1.66
AggressiveCar1,1.5,2.26,0.3,1.51
AggressiveCar2,1.5,2.45,0.3,1.63
AggressiveCar1,1.6,2.48,0.3,1.55
AggressiveCar2,1.6,2.38,0.3,1.49
AggressiveCar1,1.7,2.72,0.3,1.6
AggressiveCar2,1.7,2.53,0.3,1.49
AggressiveCar1,1.8,2.66,0.3,1.48
AggressiveCar2,1.8,2.72,0.3,1.51
AggressiveCar1,1.9,2.91,0.3,1.53
AggressiveCar2,1.9,3.05,0.3,1.61
AggressiveCar1,2.0,2.96,0.3,1.48
AggressiveCar2,2.0,2.95,0.3,1.48
AggressiveCar1,2.1,3.04,0.3,1.45
AggressiveCar2,2.1,3.29,0.3,1.57
AggressiveCar1,2.2,3.42,0.3,1.55
AggressiveCar2,2.2,3.38,0.3,1.54
AggressiveCar1,2.3,3.34,0.3,1.45
AggressiveCar2,2.3,3.43,0.3,1.49
AggressiveCar1,2.4,3.77,0.3,1.57
AggressiveCar2,2.4,3.44,0.3,1.43
AggressiveCar1,2.5,3.62,0.3,1.45
AggressiveCar2,2.5,3.67,0.3,1.47
AggressiveCar1,2.6,3.76,0.3,1.45
AggressiveCar2,2.6,3.74,0.3,1.44
AggressiveCar1,2.7,4.08,0.3,1.51
AggressiveCar2,2.7,3.95,0.3,1.46
AggressiveCar1,2.8,4.22,0.3,1.51
AggressiveCar2,2.8,3.98,0.3,1.42
AggressiveCar1,2.9,4.09,0.3,1.41
AggressiveCar2,2.9,4.42,0.3,1.52
AggressiveCar1,3.0,4.27,0.3,1.42
AggressiveCar2,3.0,4.61,0.3,1.54
AggressiveCar1,3.1,4.37,0.3,1.41
AggressiveCar2,3.1,4.66,0.3,1.5
AggressiveCar1,3.2,4.69,0.3,1.47
AggressiveCar2,3.2,4.75,0.3,1.48
AggressiveCar1,3.3,4.71,0.3,1.43
AggressiveCar2,3.3,5.01,0.3,1.52
AggressiveCar1,3.4,4.84,0.3,1.42
AggressiveCar2,3.4,4.88,0.3,1.44
AggressiveCar1,3.5,5.2,0.3,1.49
AggressiveCar2,3.5,4.87,0.3,1.39
AggressiveCar1,3.6,5.2,0.3,1.44
AggressiveCar2,3.6,5.37,0.3,1.49
AggressiveCar1,3.7,5.49,0.3,1.48
AggressiveCar2,3.7,5.59,0.3,1.51
AggressiveCar1,3.8,5.37,0.3,1.41
AggressiveCar2,3.8,5.48,0.3,1.44
AggressiveCar1,3.9,5.87,0.3,1.51
AggressiveCar2,3.9,5.86,0.3,1.5
AggressiveCar1,4.0,5.93,0.3,1.48
AggressiveCar2,4.0,5.92,0.3,1.48
AggressiveCar1,4.1,6.16,0.3,1.5
AggressiveCar2,4.1,5.68,0.3,1.39
AggressiveCar1,4.2,6.33,0.3,1.51
AggressiveCar2,4.2,6.0,0.3,1.43
AggressiveCar1,4.3,6.51,0.3,1.51
AggressiveCar2,4.3,5.9,0.3,1.37
AggressiveCar1,4.4,6.38,0.3,1.45
AggressiveCar2,4.4,6.56,0.3,1.49
AggressiveCar1,4.5,6.3,0.3,1.4
AggressiveCar2,4.5,6.58,0.3,1.46
AggressiveCar1,4.6,6.93,0.3,1.51
AggressiveCar2,4.6,6.31,0.3,1.37
AggressiveCar1,4.7,6.88,0.3,1.46
AggressiveCar2,4.7,6.64,0.3,1.41
AggressiveCar1,4.8,6.67,0.3,1.39
AggressiveCar2,4.8,7.03,0.3,1.46
AggressiveCar1,4.9,6.83,0.3,1.39
AggressiveCar2,4.9,6.99,0.3,1.43
AggressiveCar1,5.0,7.37,0.3,1.47
AggressiveCar2,5.0,7.22,0.3,1.44
AggressiveCar1,5.1,7.2,0.3,1.41
AggressiveCar2,5.1,7.07,0.3,1.39
AggressiveCar1,5.2,7.54,0.3,1.45
AggressiveCar2,5.2,7.77,0.3,1.49
AggressiveCar1,5.3,7.69,0.3,1.45
AggressiveCar2,5.3,7.32,0.3,1.38
AggressiveCar1,5.4,7.38,0.3,1.37
AggressiveCar2,5.4,7.8,0.3,1.44
AggressiveCar1,5.5,7.83,0.3,1.42
AggressiveCar2,5.5,7.54,0.3,1.37
AggressiveCar1,5.6,8.17,0.3,1.46
AggressiveCar2,5.6,8.26,0.3,1.48
AggressiveCar1,5.7,8.27,0.3,1.45
AggressiveCar2,5.7,8.47,0.3,1.49
AggressiveCar1,5.8,7.86,0.3,1.36
AggressiveCar2,5.8,8.56,0.3,1.48
AggressiveCar3,0.1,0.43,0.3,4.3
AggressiveCar1,5.9,8.62,0.3,1.46
AggressiveCar2,5.9,8.03,0.3,1.36
AggressiveCar3,0.2,0.56,0.3,2.8
AggressiveCar1,6.0,8.8,0.3,1.47
AggressiveCar2,6.0,8.27,0.3,1.38
AggressiveCar3,0.3,0.72,0.3,2.4
AggressiveCar1,6.1,8.62,0.3,1.41
AggressiveCar2,6.1,8.94,0.3,1.47
AggressiveCar3,0.4,0.83,0.3,2.07
AggressiveCar4,0.1,0.44,0.3,4.4
AggressiveCar1,6.2,8.96,0.3,1.45
AggressiveCar2,6.2,9.23,0.3,1.49
AggressiveCar3,0.5,1.01,0.3,2.02
AggressiveCar4,0.2,0.59,0.3,2.95
AggressiveCar1,6.3,9.33,0.3,1.48
AggressiveCar2,6.3,8.79,0.3,1.4
AggressiveCar3,0.6,1.11,0.3,1.85
AggressiveCar4,0.3,0.71,0.3,2.37
AggressiveCar1,6.4,9.37,0.3,1.46
AggressiveCar2,6.4,8.66,0.3,1.35
AggressiveCar3,0.7,1.31,0.3,1.87
AggressiveCar4,0.4,0.83,0.3,2.07
AggressiveCar1,6.5,9.19,0.3,1.41
AggressiveCar2,6.5,9.6,0.3,1.48
AggressiveCar3,0.8,1.43,0.3,1.79
AggressiveCar4,0.5,1.02,0.3,2.04
AggressiveCar1,6.6,9.4,0.3,1.42
AggressiveCar2,6.6,9.52,0.3,1.44
AggressiveCar3,0.9,1.51,0.3,1.68
AggressiveCar4,0.6,1.14,0.3,1.9
AggressiveCar1,6.7,9.62,0.3,1.44
AggressiveCar2,6.7,9.37,0.3,1.4
AggressiveCar3,1.0,1.68,0.3,1.68
AggressiveCar4,0.7,1.28,0.3,1.83
AggressiveCar1,6.8,9.98,0.3,1.47
AggressiveCar2,6.8,10.16,0.3,1.49
AggressiveCar3,1.1,1.77,0.3,1.61
AggressiveCar4,0.8,1.45,0.3,1.81
AggressiveCar1,6.9,9.93,0.3,1.44
AggressiveCar2,6.9,9.82,0.3,1.42
AggressiveCar3,1.2,1.91,0.3,1.59
AggressiveCar4,0.9,1.52,0.3,1.69
AggressiveCar1,7.0,9.82,0.3,1.4
AggressiveCar2,7.0,9.64,0.3,1.38
AggressiveCar3,1.3,2.03,0.3,1.56
AggressiveCar4,1.0,1.65,0.3,1.65
AggressiveCar1,7.1,10.15,0.3,1.43
AggressiveCar2,7.1,9.83,0.3,1.38
AggressiveCar3,1.4,2.26,0.3,1.61
AggressiveCar4,1.1,1.83,0.3,1.66
AggressiveCar1,7.2,10.56,0.3,1.47
AggressiveCar2,7.2,10.06,0.3,1.4
AggressiveCar3,1.5,2.25,0.3,1.5
AggressiveCar4,1.2,1.97,0.3,1.64
AggressiveCar1,7.3,10.06,0.3,1.38
AggressiveCar2,7.3,10.05,0.3,1.38
AggressiveCar3,1.6,2.58,0.3,1.61
AggressiveCar4,1.3,2.13,0.3,1.64
AggressiveCar1,7.4,10.76,0.3,1.45
AggressiveCar2,7.4,10.2,0.3,1.38
AggressiveCar3,1.7,2.64,0.3,1.55
AggressiveCar4,1.4,2.22,0.3,1.59
AggressiveCar1,7.5,10.61,0.3,1.41
AggressiveCar2,7.5,10.91,0.3,1.45
AggressiveCar3,1.8,2.73,0.3,1.52
AggressiveCar4,1.5,2.43,0.3,1.62
AggressiveCar1,7.6,11.31,0.3,1.49
AggressiveCar2,7.6,11.3,0.3,1.49
AggressiveCar3,1.9,3.01,0.3,1.58
AggressiveCar4,1.6,2.6,0.3,1.62
AggressiveCar1,7.7,10.5,0.3,1.36
AggressiveCar2,7.7,11.46,0.3,1.49
AggressiveCar3,2.0,2.98,0.3,1.49
AggressiveCar4,1.7,2.76,0.3,1.62
AggressiveCar1,7.8,11.37,0.3,1.46
AggressiveCar2,7.8,10.79,0.3,1.38
AggressiveCar3,2.1,3.15,0.3,1.5
AggressiveCar4,1.8,2.79,0.3,1.55
AggressiveCar1,7.9,11.74,0.3,1.49
AggressiveCar2,7.9,10.63,0.3,1.35
AggressiveCar3,2.2,3.38,0.3,1.54
AggressiveCar4,1.9,2.99,0.3,1.57
AggressiveCar1,8.0,11.25,0.3,1.41
AggressiveCar2,8.0,11.72,0.3,1.47
AggressiveCar3,2.3,3.58,0.3,1.56
AggressiveCar4,2.0,3.2,0.3,1.6
AggressiveCar1,8.1,11.83,0.3,1.46
AggressiveCar2,8.1,11.21,0.3,1.38
AggressiveCar3,2.4,3.75,0.3,1.56
AggressiveCar4,2.1,3.27,0.3,1.56
AggressiveCar1,8.2,11.95,0.3,1.46
AggressiveCar2,8.2,11.76,0.3,1.43
AggressiveCar3,2.5,3.85,0.3,1.54
AggressiveCar4,2.2,3.4,0.3,1.55
AggressiveCar1,8.3,11.44,0.3,1.38
AggressiveCar2,8.3,11.66,0.3,1.4
AggressiveCar3,2.6,4.07,0.3,1.57
AggressiveCar4,2.3,3.62,0.3,1.57
AggressiveCar1,8.4,11.33,0.3,1.35
AggressiveCar2,8.4,11.99,0.3,1.43
AggressiveCar3,2.7,4.14,0.3,1.53
AggressiveCar4,2.4,3.54,0.3,1.48
AggressiveCar1,8.5,11.47,0.3,1.35
AggressiveCar2,8.5,12.19,0.3,1.43
AggressiveCar3,2.8,4.04,0.3,1.44
AggressiveCar4,2.5,3.75,0.3,1.5
AggressiveCar1,8.6,11.71,0.3,1.36
AggressiveCar2,8.6,11.83,0.3,1.38
AggressiveCar3,2.9,4.41,0.3,1.52
AggressiveCar4,2.6,3.85,0.3,1.48
AggressiveCar1,8.7,12.49,0.3,1.44
AggressiveCar2,8.7,12.37,0.3,1.42
AggressiveCar3,3.0,4.5,0.3,1.5
AggressiveCar4,2.7,4.0,0.3,1.48
AggressiveCar1,8.8,12.27,0.3,1.39
AggressiveCar2,8.8,12.4,0.3,1.41
AggressiveCar3,3.1,4.52,0.3,1.46
AggressiveCar4,2.8,4.04,0.3,1.44
AggressiveCar1,8.9,12.75,0.3,1.43
AggressiveCar2,8.9,12.35,0.3,1.39
AggressiveCar3,3.2,4.52,0.3,1.41
AggressiveCar4,2.9,4.43,0.3,1.53
AggressiveCar1,9.0,12.1,0.3,1.34
AggressiveCar2,9.0,12.85,0.3,1.43
AggressiveCar3,3.3,4.96,0.3,1.5
AggressiveCar4,3.0,4.39,0.3,1.46
AggressiveCar1,9.1,13.31,0.3,1.46
AggressiveCar2,9.1,12.67,0.3,1.39
AggressiveCar3,3.4,4.79,0.3,1.41
AggressiveCar4,3.1,4.7,0.3,1.52
AggressiveCar1,9.2,13.04,0.3,1.42
AggressiveCar2,9.2,12.9,0.3,1.4
AggressiveCar3,3.5,4.9,0.3,1.4
AggressiveCar4,3.2,4.67,0.3,1.46
AggressiveCar1,9.3,13.44,0.3,1.45
AggressiveCar2,9.3,13.77,0.3,1.48
AggressiveCar3,3.6,5.17,0.3,1.44
AggressiveCar4,3.3,4.95,0.3,1.5
AggressiveCar1,9.4,12.73,0.3,1.35
AggressiveCar2,9.4,13.12,0.3,1.4
AggressiveCar3,3.7,5.47,0.3,1.48
AggressiveCar4,3.4,5.13,0.3,1.51
AggressiveCar1,9.5,14.02,0.3,1.48
AggressiveCar2,9.5,13.87,0.3,1.46
AggressiveCar3,3.8,5.74,0.3,1.51
AggressiveCar4,3.5,4.93,0.3,1.41
AggressiveCar1,9.6,13.15,0.3,1.37
AggressiveCar2,9.6,12.87,0.3,1.34
AggressiveCar3,3.9,5.49,0.3,1.41
AggressiveCar4,3.6,5.22,0.3,1.45
AggressiveCar1,9.7,13.39,0.3,1.38
AggressiveCar2,9.7,14.21,0.3,1.46
AggressiveCar3,4.0,5.77,0.3,1.44
AggressiveCar4,3.7,5.65,0.3,1.53
AggressiveCar1,9.8,14.27,0.3,1.46
AggressiveCar2,9.8,13.58,0.3,1.39
AggressiveCar3,4.1,6.24,0.3,1.52
AggressiveCar4,3.8,5.68,0.3,1.49
AggressiveCar1,9.9,14.2,0.3,1.43
AggressiveCar2,9.9,13.81,0.3,1.39
AggressiveCar3,4.2,5.91,0.3,1.41
AggressiveCar4,3.9,5.71,0.3,1.46
AggressiveCar1,10.0,14.75,0.3,1.48
AggressiveCar2,10.0,14.32,0.3,1.43
AggressiveCar3,4.3,5.97,0.3,1.39
AggressiveCar4,4.0,5.84,0.3,1.46
AggressiveCar1,10.0,13.36,0.3,1.34
AggressiveCar2,10.0,14.58,0.3,1.46
AggressiveCar3,4.4,6.48,0.3,1.47
AggressiveCar4,4.1,5.91,0.3,1.44
AggressiveCar1,10.0,14.15,0.3,1.42
AggressiveCar2,10.0,14.36,0.3,1.44
AggressiveCar3,4.5,6.26,0.3,1.39
AggressiveCar4,4.2,5.91,0.3,1.41
AggressiveCar1,10.0,13.67,0.3,1.37
AggressiveCar2,10.0,14.79,0.3,1.48
AggressiveCar3,4.6,6.86,0.3,1.49
AggressiveCar4,4.3,6.05,0.3,1.41
AggressiveCar1,10.0,14.23,0.3,1.42
AggressiveCar2,10.0,13.84,0.3,1.38
AggressiveCar3,4.7,6.47,0.3,1.38
AggressiveCar4,4.4,6.51,0.3,1.48
AggressiveCar1,10.0,13.59,0.3,1.36
AggressiveCar2,10.0,14.6,0.3,1.46
AggressiveCar3,4.8,7.11,0.3,1.48
AggressiveCar4,4.5,6.17,0.3,1.37
AggressiveCar1,10.0,13.58,0.3,1.36
AggressiveCar2,10.0,14.39,0.3,1.44
AggressiveCar3,4.9,6.72,0.3,1.37
AggressiveCar4,4.6,6.81,0.3,1.48
AggressiveCar1,10.0,13.93,0.3,1.39
AggressiveCar2,10.0,13.92,0.3,1.39
AggressiveCar3,5.0,7.02,0.3,1.4
AggressiveCar4,4.7,6.66,0.3,1.42
AggressiveCar1,10.0,14.08,0.3,1.41
AggressiveCar2,10.0,14.62,0.3,1.46
AggressiveCar3,5.1,7.55,0.3,1.48
AggressiveCar4,4.8,6.78,0.3,1.41
AggressiveCar1,10.0,14.61,0.3,1.46
AggressiveCar2,10.0,14.27,0.3,1.43
AggressiveCar3,5.2,7.81,0.3,1.5
AggressiveCar4,4.9,6.92,0.3,1.41
AggressiveCar1,10.0,14.16,0.3,1.42
AggressiveCar2,10.0,14.04,0.3,1.4
AggressiveCar3,5.3,7.53,0.3,1.42
AggressiveCar4,5.0,7.04,0.3,1.41
AggressiveCar1,10.0,13.71,0.3,1.37
AggressiveCar2,10.0,13.57,0.3,1.36
AggressiveCar3,5.4,7.38,0.3,1.37
AggressiveCar4,5.1,7.0,0.3,1.37
AggressiveCar1,10.0,14.29,0.3,1.43
AggressiveCar2,10.0,14.3,0.3,1.43
AggressiveCar3,5.5,7.88,0.3,1.43
AggressiveCar4,5.2,7.7,0.3,1.48
AggressiveCar1,10.0,14.58,0.3,1.46
AggressiveCar2,10.0,13.65,0.3,1.36
AggressiveCar3,5.6,7.96,0.3,1.42
AggressiveCar4,5.3,7.94,0.3,1.5
AggressiveCar1,10.0,14.09,0.3,1.41
AggressiveCar2,10.0,13.7,0.3,1.37
AggressiveCar3,5.7,8.16,0.3,1.43
AggressiveCar4,5.4,7.69,0.3,1.42
AggressiveCar1,10.0,14.04,0.3,1.4
AggressiveCar2,10.0,13.56,0.3,1.36
AggressiveCar3,5.8,8.21,0.3,1.42
AggressiveCar4,5.5,8.14,0.3,1.48
AggressiveCar5,0.1,0.44,0.3,4.4
AggressiveCar1,10.0,14.54,0.3,1.45
AggressiveCar2,10.0,13.63,0.3,1.36
AggressiveCar3,5.9,8.77,0.3,1.49
AggressiveCar4,5.6,8.25,0.3,1.47
AggressiveCar5,0.2,0.58,0.3,2.9
AggressiveCar1,10.0,13.75,0.3,1.38
AggressiveCar2,10.0,13.34,0.3,1.33
AggressiveCar3,6.0,8.61,0.3,1.43
AggressiveCar4,5.7,8.39,0.3,1.47
AggressiveCar5,0.3,0.73,0.3,2.43
AggressiveCar1,10.0,14.34,0.3,1.43
AggressiveCar2,10.0,13.78,0.3,1.38
AggressiveCar3,6.1,8.57,0.3,1.4
AggressiveCar4,5.8,7.95,0.3,1.37
AggressiveCar5,0.4,0.83,0.3,2.07
AggressiveCar6,0.1,0.44,0.3,4.4
AggressiveCar1,10.0,13.46,0.3,1.35
AggressiveCar2,10.0,14.63,0.3,1.46
AggressiveCar3,6.2,8.7,0.3,1.4
AggressiveCar4,5.9,8.59,0.3,1.46
AggressiveCar5,0.5,1.02,0.3,2.04
AggressiveCar6,0.2,0.57,0.3,2.85
AggressiveCar1,10.0,13.74,0.3,1.37
AggressiveCar2,10.0,14.67,0.3,1.47
AggressiveCar3,6.3,9.26,0.3,1.47
AggressiveCar4,6.0,8.84,0.3,1.47
AggressiveCar5,0.6,1.15,0.3,1.92
AggressiveCar6,0.3,0.72,0.3,2.4
AggressiveCar1,10.0,13.58,0.3,1.36
AggressiveCar2,10.0,14.74,0.3,1.47
AggressiveCar3,6.4,8.92,0.3,1.39
AggressiveCar4,6.1,8.54,0.3,1.4
AggressiveCar5,0.7,1.27,0.3,1.81
AggressiveCar6,0.4,0.86,0.3,2.15
AggressiveCar1,10.0,14.49,0.3,1.45
AggressiveCar2,10.0,13.63,0.3,1.36
AggressiveCar3,6.5,9.48,0.3,1.46
AggressiveCar4,6.2,9.18,0.3,1.48
AggressiveCar5,0.8,1.42,0.3,1.77
AggressiveCar6,0.5,0.97,0.3,1.94
AggressiveCar1,10.0,13.44,0.3,1.34
AggressiveCar2,10.0,13.86,0.3,1.39
AggressiveCar3,6.6,9.3,0.3,1.41
AggressiveCar4,6.3,9.42,0.3,1.5
AggressiveCar5,0.9,1.48,0.3,1.64
AggressiveCar6,0.6,1.11,0.3,1.85
AggressiveCar1,10.0,13.83,0.3,1.38
AggressiveCar2,10.0,14.0,0.3,1.4
AggressiveCar3,6.7,9.27,0.3,1.38
AggressiveCar4,6.4,9.45,0.3,1.48
AggressiveCar5,1.0,1.73,0.3,1.73
AggressiveCar6,0.7,1.29,0.3,1.84
AggressiveCar1,10.0,13.55,0.3,1.35
AggressiveCar2,10.0,13.5,0.3,1.35
AggressiveCar3,6.8,9.86,0.3,1.45
AggressiveCar4,6.5,9.14,0.3,1.41
AggressiveCar5,1.1,1.87,0.3,1.7
AggressiveCar6,0.8,1.42,0.3,1.77
AggressiveCar1,10.0,13.63,0.3,1.36
AggressiveCar2,10.0,13.41,0.3,1.34
AggressiveCar3,6.9,10.06,0.3,1.46
AggressiveCar4,6.6,9.03,0.3,1.37
AggressiveCar5,1.2,1.9,0.3,1.58
AggressiveCar6,0.9,1.47,0.3,1.63
AggressiveCar1,10.0,13.33,0.3,1.33
AggressiveCar2,10.0,14.2,0.3,1.42
AggressiveCar3,7.0,9.59,0.3,1.37
AggressiveCar4,6.7,9.79,0.3,1.46
AggressiveCar5,1.3,2.0,0.3,1.54
AggressiveCar6,1.0,1.65,0.3,1.65
AggressiveCar1,10.0,13.4,0.3,1.34
AggressiveCar2,10.0,13.63,0.3,1.36
AggressiveCar3,7.1,10.18,0.3,1.43
AggressiveCar4,6.8,9.28,0.3,1.36
AggressiveCar5,1.4,2.18,0.3,1.56
AggressiveCar6,1.1,1.78,0.3,1.62
AggressiveCar1,10.0,13.63,0.3,1.36
AggressiveCar2,10.0,13.41,0.3,1.34
AggressiveCar3,7.2,9.95,0.3,1.38
AggressiveCar4,6.9,10.21,0.3,1.48
AggressiveCar5,1.5,2.29,0.3,1.53
AggressiveCar6,1.2,2.03,0.3,1.69
AggressiveCar1,10.0,14.3,0.3,1.43
AggressiveCar2,10.0,14.58,0.3,1.46
AggressiveCar3,7.3,10.28,0.3,1.41
AggressiveCar4,7.0,10.2,0.3,1.46
AggressiveCar5,1.6,2.41,0.3,1.51
AggressiveCar6,1.3,2.04,0.3,1.57
AggressiveCar1,10.0,14.74,0.3,1.47
AggressiveCar2,10.0,13.66,0.3,1.37
AggressiveCar3,7.4,10.86,0.3,1.47
AggressiveCar4,7.1,9.61,0.3,1.35
AggressiveCar5,1.7,2.52,0.3,1.48
AggressiveCar6,1.4,2.26,0.3,1.61
AggressiveCar1,10.0,14.61,0.3,1.46
AggressiveCar2,10.0,14.65,0.3,1.47
AggressiveCar3,7.5,10.1,0.3,1.35
AggressiveCar4,7.2,10.42,0.3,1.45
AggressiveCar5,1.8,2.66,0.3,1.48
AggressiveCar6,1.5,2.43,0.3,1.62
AggressiveCar1,10.0,13.45,0.3,1.34
AggressiveCar2,10.0,14.61,0.3,1.46
AggressiveCar3,7.6,10.81,0.3,1.42
AggressiveCar4,7.3,10.14,0.3,1.39
AggressiveCar5,1.9,2.84,0.3,1.49
AggressiveCar6,1.6,2.53,0.3,1.58
AggressiveCar1,10.0,14.12,0.3,1.41
AggressiveCar2,10.0,13.77,0.3,1.38
AggressiveCar3,7.7,10.93,0.3,1.42
AggressiveCar4,7.4,10.43,0.3,1.41
AggressiveCar5,2.0,2.97,0.3,1.49
AggressiveCar6,1.7,2.7,0.3,1.59
AggressiveCar1,10.0,13.87,0.3,1.39
AggressiveCar2,10.0,14.59,0.3,1.46
AggressiveCar3,7.8,11.58,0.3,1.48
AggressiveCar4,7.5,11.03,0.3,1.47
AggressiveCar5,2.1,3.07,0.3,1.46
AggressiveCar6,1.8,2.89,0.3,1.61
AggressiveCar1,10.0,14.57,0.3,1.46
AggressiveCar2,10.0,14.76,0.3,1.48
AggressiveCar3,7.9,11.2,0.3,1.42
AggressiveCar4,7.6,11.3,0.3,1.49
AggressiveCar5,2.2,3.27,0.3,1.49
AggressiveCar6,1.9,2.99,0.3,1.57
AggressiveCar1,10.0,14.42,0.3,1.44
AggressiveCar2,10.0,14.23,0.3,1.42
AggressiveCar3,8.0,11.18,0.3,1.4
AggressiveCar4,7.7,11.11,0.3,1.44
AggressiveCar5,2.3,3.35,0.3,1.46
AggressiveCar6,2.0,3.15,0.3,1.57
AggressiveCar1,10.0,14.17,0.3,1.42
AggressiveCar2,10.0,13.57,0.3,1.36
AggressiveCar3,8.1,11.91,0.3,1.47
AggressiveCar4,7.8,11.49,0.3,1.47
AggressiveCar5,2.4,3.54,0.3,1.48
AggressiveCar6,2.1,3.17,0.3,1.51
AggressiveCar1,10.0,13.62,0.3,1.36
AggressiveCar2,10.0,14.36,0.3,1.44
AggressiveCar3,8.2,11.08,0.3,1.35
AggressiveCar4,7.9,11.56,0.3,1.46
AggressiveCar5,2.5,3.66,0.3,1.46
AggressiveCar6,2.2,3.4,0.3,1.55
AggressiveCar1,10.0,14.42,0.3,1.44
AggressiveCar2,10.0,13.52,0.3,1.35
AggressiveCar3,8.3,11.49,0.3,1.38
AggressiveCar4,8.0,11.5,0.3,1.44
AggressiveCar5,2.6,3.89,0.3,1.5
AggressiveCar6,2.3,3.6,0.3,1.57
AggressiveCar1,10.0,14.65,0.3,1.47
AggressiveCar2,10.0,13.33,0.3,1.33
AggressiveCar3,8.4,11.8,0.3,1.4
AggressiveCar4,8.1,11.56,0.3,1.43
AggressiveCar5,2.7,4.08,0.3,1.51
AggressiveCar6,2.4,3.49,0.3,1.45
AggressiveCar1,10.0,14.29,0.3,1.43
AggressiveCar2,10.0,14.14,0.3,1.41
AggressiveCar3,8.5,12.31,0.3,1.45
AggressiveCar4,8.2,11.33,0.3,1.38
AggressiveCar5,2.8,4.25,0.3,1.52
AggressiveCar6,2.5,3.9,0.3,1.56
AggressiveCar1,10.0,14.05,0.3,1.41
AggressiveCar2,10.0,14.43,0.3,1.44
AggressiveCar3,8.6,12.24,0.3,1.42
AggressiveCar4,8.3,12.24,0.3,1.47
AggressiveCar5,2.9,4.42,0.3,1.52
AggressiveCar6,2.6,3.96,0.3,1.52
AggressiveCar1,10.0,14.18,0.3,1.42
AggressiveCar2,10.0,13.9,0.3,1.39
AggressiveCar3,8.7,12.59,0.3,1.45
AggressiveCar4,8.4,12.06,0.3,1.44
AggressiveCar5,3.0,4.33,0.3,1.44
AggressiveCar6,2.7,4.13,0.3,1.53
AggressiveCar1,10.0,14.33,0.3,1.43
AggressiveCar2,10.0,13.84,0.3,1.38
AggressiveCar3,8.8,11.9,0.3,1.35
AggressiveCar4,8.5,12.42,0.3,1.46
AggressiveCar5,3.1,4.62,0.3,1.49
AggressiveCar6,2.8,3.96,0.3,1.41
AggressiveCar1,10.0,13.91,0.3,1.39
AggressiveCar2,10.0,13.31,0.3,1.33
AggressiveCar3,8.9,12.68,0.3,1.42
AggressiveCar4,8.6,12.73,0.3,1.48
AggressiveCar5,3.2,4.65,0.3,1.45
AggressiveCar6,2.9,4.26,0.3,1.47
AggressiveCar1,10.0,13.46,0.3,1.35
AggressiveCar2,10.0,14.03,0.3,1.4
AggressiveCar3,9.0,12.29,0.3,1.37
AggressiveCar4,8.7,12.67,0.3,1.46
AggressiveCar5,3.3,4.92,0.3,1.49
AggressiveCar6,3.0,4.44,0.3,1.48
AggressiveCar1,10.0,13.77,0.3,1.38
AggressiveCar2,10.0,13.9,0.3,1.39
AggressiveCar3,9.1,12.55,0.3,1.38
AggressiveCar4,8.8,12.48,0.3,1.42
AggressiveCar5,3.4,4.9,0.3,1.44
AggressiveCar6,3.1,4.7,0.3,1.52
AggressiveCar1,10.0,13.98,0.3,1.4
AggressiveCar2,10.0,13.56,0.3,1.36
AggressiveCar3,9.2,13.3,0.3,1.45
AggressiveCar4,8.9,12.91,0.3,1.45
AggressiveCar5,3.5,4.85,0.3,1.39
AggressiveCar6,3.2,4.75,0.3,1.48
AggressiveCar1,10.0,13.79,0.3,1.38
AggressiveCar2,10.0,14.26,0.3,1.43
AggressiveCar3,9.3,12.48,0.3,1.34
AggressiveCar4,9.0,12.26,0.3,1.36
AggressiveCar5,3.6,5.12,0.3,1.42
AggressiveCar6,3.3,4.93,0.3,1.49
AggressiveCar1,10.0,14.75,0.3,1.48
AggressiveCar2,10.0,13.59,0.3,1.36
AggressiveCar3,9.4,13.3,0.3,1.41
AggressiveCar4,9.1,13.11,0.3,1.44
AggressiveCar5,3.7,5.36,0.3,1.45
AggressiveCar6,3.4,5.02,0.3,1.48
AggressiveCar1,10.0,13.74,0.3,1.37
AggressiveCar2,10.0,13.36,0.3,1.34
AggressiveCar3,9.5,13.76,0.3,1.45
AggressiveCar4,9.2,13.0,0.3,1.41
AggressiveCar5,3.8,5.79,0.3,1.52
AggressiveCar6,3.5,5.16,0.3,1.47
AggressiveCar1,10.0,14.36,0.3,1.44
AggressiveCar2,10.0,14.22,0.3,1.42
AggressiveCar3,9.6,13.27,0.3,1.38
AggressiveCar4,9.3,13.55,0.3,1.46
AggressiveCar5,3.9,5.77,0.3,1.48
AggressiveCar6,3.6,5.12,0.3,1.42
AggressiveCar1,10.0,13.61,0.3,1.36
AggressiveCar2,10.0,13.95,0.3,1.4
AggressiveCar3,9.7,13.78,0.3,1.42
AggressiveCar4,9.4,13.86,0.3,1.47
AggressiveCar5,4.0,5.61,0.3,1.4
AggressiveCar6,3.7,5.51,0.3,1.49
AggressiveCar1,10.0,14.0,0.3,1.4
AggressiveCar2,10.0,14.05,0.3,1.41
AggressiveCar3,9.8,13.6,0.3,1.39
AggressiveCar4,9.5,13.65,0.3,1.44
AggressiveCar5,4.1,5.75,0.3,1.4
AggressiveCar6,3.8,5.6,0.3,1.47
AggressiveCar1,10.0,14.11,0.3,1.41
AggressiveCar2,10.0,14.34,0.3,1.43
AggressiveCar3,9.9,14.57,0.3,1.47
AggressiveCar4,9.6,14.02,0.3,1.46
AggressiveCar5,4.2,6.38,0.3,1.52
AggressiveCar6,3.9,5.91,0.3,1.52
AggressiveCar1,10.0,14.33,0.3,1.43
AggressiveCar2,10.0,14.68,0.3,1.47
AggressiveCar3,10.0,13.87,0.3,1.39
AggressiveCar4,9.7,13.76,0.3,1.42
AggressiveCar5,4.3,5.96,0.3,1.39
AggressiveCar6,4.0,5.65,0.3,1.41
AggressiveCar1,10.0,14.27,0.3,1.43
AggressiveCar2,10.0,13.59,0.3,1.36
AggressiveCar3,10.0,13.55,0.3,1.35
AggressiveCar4,9.8,13.18,0.3,1.34
AggressiveCar5,4.4,6.04,0.3,1.37
AggressiveCar6,4.1,6.19,0.3,1.51
AggressiveCar1,10.0,13.35,0.3,1.33
AggressiveCar2,10.0,13.43,0.3,1.34
AggressiveCar3,10.0,14.24,0.3,1.42
AggressiveCar4,9.9,14.41,0.3,1.46
AggressiveCar5,4.5,6.76,0.3,1.5
AggressiveCar6,4.2,6.09,0.3,1.45
AggressiveCar1,10.0,13.42,0.3,1.34
AggressiveCar2,10.0,14.1,0.3,1.41
AggressiveCar3,10.0,13.49,0.3,1.35
AggressiveCar4,10.0,13.46,0.3,1.35
AggressiveCar5,4.6,6.31,0.3,1.37
AggressiveCar6,4.3,6.3,0.3,1.47
AggressiveCar1,10.0,13.58,0.3,1.36
AggressiveCar2,10.0,13.84,0.3,1.38
AggressiveCar3,10.0,13.94,0.3,1.39
AggressiveCar4,10.0,13.61,0.3,1.36
AggressiveCar5,4.7,6.65,0.3,1.41
AggressiveCar6,4.4,6.36,0.3,1.45
AggressiveCar1,10.0,13.59,0.3,1.36
AggressiveCar2,10.0,14.18,0.3,1.42
AggressiveCar3,10.0,14.35,0.3,1.44
AggressiveCar4,10.0,14.23,0.3,1.42
AggressiveCar5,4.8,7.01,0.3,1.46
AggressiveCar6,4.5,6.23,0.3,1.38
AggressiveCar1,10.0,13.98,0.3,1.4
AggressiveCar2,10.0,14.59,0.3,1.46
AggressiveCar3,10.0,13.51,0.3,1.35
AggressiveCar4,10.0,13.74,0.3,1.37
AggressiveCar5,4.9,7.27,0.3,1.48
AggressiveCar6,4.6,6.64,0.3,1.44
AggressiveCar1,10.0,13.84,0.3,1.38
AggressiveCar2,10.0,14.48,0.3,1.45
AggressiveCar3,10.0,14.06,0.3,1.41
AggressiveCar4,10.0,13.46,0.3,1.35
AggressiveCar5,5.0,7.21,0.3,1.44
AggressiveCar6,4.7,6.53,0.3,1.39
AggressiveCar1,10.0,14.52,0.3,1.45
AggressiveCar2,10.0,14.45,0.3,1.44
AggressiveCar3,10.0,14.78,0.3,1.48
AggressiveCar4,10.0,13.37,0.3,1.34
AggressiveCar5,5.1,7.39,0.3,1.45
AggressiveCar6,4.8,6.91,0.3,1.44
AggressiveCar1,10.0,14.56,0.3,1.46
AggressiveCar2,10.0,14.54,0.3,1.45
AggressiveCar3,10.0,14.31,0.3,1.43
AggressiveCar4,10.0,14.3,0.3,1.43
AggressiveCar5,5.2,7.78,0.3,1.5
AggressiveCar6,4.9,7.32,0.3,1.49
AggressiveCar1,10.0,14.27,0.3,1.43
AggressiveCar2,10.0,14.56,0.3,1.46
AggressiveCar3,10.0,14.24,0.3,1.42
AggressiveCar4,10.0,13.43,0.3,1.34
AggressiveCar5,5.3,7.41,0.3,1.4
AggressiveCar6,5.0,6.97,0.3,1.39
AggressiveCar1,10.0,14.16,0.3,1.42
AggressiveCar2,10.0,13.74,0.3,1.37
AggressiveCar3,10.0,13.87,0.3,1.39
AggressiveCar4,10.0,13.94,0.3,1.39
AggressiveCar5,5.4,7.88,0.3,1.46
AggressiveCar6,5.1,7.11,0.3,1.39
AggressiveCar1,10.0,14.4,0.3,1.44
AggressiveCar2,10.0,14.56,0.3,1.46
AggressiveCar3,10.0,13.43,0.3,1.34
AggressiveCar4,10.0,14.52,0.3,1.45
AggressiveCar5,5.5,7.66,0.3,1.39
AggressiveCar6,5.2,7.21,0.3,1.39
AggressiveCar1,10.0,14.08,0.3,1.41
AggressiveCar2,10.0,14.4,0.3,1.44
AggressiveCar3,10.0,14.79,0.3,1.48
AggressiveCar4,10.0,13.59,0.3,1.36
AggressiveCar5,5.6,7.92,0.3,1.41
AggressiveCar6,5.3,7.55,0.3,1.42
AggressiveCar1,10.0,14.26,0.3,1.43
AggressiveCar2,10.0,14.29,0.3,1.43
AggressiveCar3,10.0,13.7,0.3,1.37
AggressiveCar4,10.0,14.6,0.3,1.46
AggressiveCar5,5.7,7.78,0.3,1.36
AggressiveCar6,5.4,7.97,0.3,1.48
AggressiveCar1,10.0,13.95,0.3,1.4
AggressiveCar2,10.0,14.61,0.3,1.46
AggressiveCar3,10.0,13.85,0.3,1.39
AggressiveCar4,10.0,13.46,0.3,1.35
AggressiveCar5,5.8,8.31,0.3,1.43
AggressiveCar6,5.5,7.75,0.3,1.41
AggressiveCar7,0.1,0.43,0.3,4.3
AggressiveCar1,10.0,13.34,0.3,1.33
AggressiveCar2,10.0,13.82,0.3,1.38
AggressiveCar3,10.0,14.15,0.3,1.42
AggressiveCar4,10.0,13.39,0.3,1.34
AggressiveCar5,5.9,8.63,0.3,1.46
AggressiveCar6,5.6,7.62,0.3,1.36
AggressiveCar7,0.2,0.58,0.3,2.9
AggressiveCar1,10.0,14.64,0.3,1.46
AggressiveCar2,10.0,14.1,0.3,1.41
AggressiveCar3,10.0,14.28,0.3,1.43
AggressiveCar4,10.0,14.16,0.3,1.42
AggressiveCar5,6.0,8.56,0.3,1.43
AggressiveCar6,5.7,8.18,0.3,1.44
AggressiveCar7,0.3,0.72,0.3,2.4
AggressiveCar1,10.0,13.9,0.3,1.39
AggressiveCar2,10.0,13.69,0.3,1.37
AggressiveCar3,10.0,14.5,0.3,1.45
AggressiveCar4,10.0,14.77,0.3,1.48
AggressiveCar5,6.1,8.88,0.3,1.46
AggressiveCar6,5.8,8.2,0.3,1.41
AggressiveCar7,0.4,0.82,0.3,2.05
AggressiveCar8,0.1,0.44,0.3,4.4
AggressiveCar1,10.0,14.73,0.3,1.47
AggressiveCar2,10.0,13.84,0.3,1.38
AggressiveCar3,10.0,13.84,0.3,1.38
AggressiveCar4,10.0,14.08,0.3,1.41
AggressiveCar5,6.2,8.59,0.3,1.39
AggressiveCar6,5.9,8.04,0.3,1.36
AggressiveCar7,0.5,0.97,0.3,1.94
AggressiveCar8,0.2,0.57,0.3,2.85
AggressiveCar1,10.0,13.88,0.3,1.39
AggressiveCar2,10.0,13.37,0.3,1.34
AggressiveCar3,10.0,14.58,0.3,1.46
AggressiveCar4,10.0,14.02,0.3,1.4
AggressiveCar5,6.3,9.1,0.3,1.44
AggressiveCar6,6.0,8.28,0.3,1.38
AggressiveCar7,0.6,1.15,0.3,1.92
AggressiveCar8,0.3,0.73,0.3,2.43
AggressiveCar1,10.0,13.78,0.3,1.38
AggressiveCar2,10.0,14.76,0.3,1.48
AggressiveCar3,10.0,13.52,0.3,1.35
AggressiveCar4,10.0,14.57,0.3,1.46
AggressiveCar5,6.4,8.93,0.3,1.4
AggressiveCar6,6.1,8.9,0.3,1.46
AggressiveCar7,0.7,1.3,0.3,1.86
AggressiveCar8,0.4,0.82,0.3,2.05
AggressiveCar1,10.0,14.35,0.3,1.44
AggressiveCar2,10.0,13.48,0.3,1.35
AggressiveCar3,10.0,14.7,0.3,1.47
AggressiveCar4,10.0,13.9,0.3,1.39
AggressiveCar5,6.5,9.46,0.3,1.46
AggressiveCar6,6.2,8.56,0.3,1.38
AggressiveCar7,0.8,1.46,0.3,1.82
AggressiveCar8,0.5,1.01,0.3,2.02
AggressiveCar1,10.0,13.54,0.3,1.35
AggressiveCar2,10.0,14.01,0.3,1.4
AggressiveCar3,10.0,13.86,0.3,1.39
AggressiveCar4,10.0,13.48,0.3,1.35
AggressiveCar5,6.6,8.99,0.3,1.36
AggressiveCar6,6.3,9.13,0.3,1.45
AggressiveCar7,0.9,1.54,0.3,1.71
AggressiveCar8,0.6,1.1,0.3,1.83
AggressiveCar1,10.0,14.45,0.3,1.44
AggressiveCar2,10.0,14.66,0.3,1.47
AggressiveCar3,10.0,14.5,0.3,1.45
AggressiveCar4,10.0,14.2,0.3,1.42
AggressiveCar5,6.7,9.81,0.3,1.46
AggressiveCar6,6.4,9.23,0.3,1.44
AggressiveCar7,1.0,1.71,0.3,1.71
AggressiveCar8,0.7,1.22,0.3,1.74
AggressiveCar1,10.0,14.58,0.3,1.46
AggressiveCar2,10.0,14.06,0.3,1.41
AggressiveCar3,10.0,13.61,0.3,1.36
AggressiveCar4,10.0,13.64,0.3,1.36
AggressiveCar5,6.8,10.13,0.3,1.49
AggressiveCar6,6.5,9.03,0.3,1.39
AggressiveCar7,1.1,1.87,0.3,1.7
AggressiveCar8,0.8,1.41,0.3,1.76
AggressiveCar1,10.0,14.07,0.3,1.41
AggressiveCar2,10.0,13.37,0.3,1.34
AggressiveCar3,10.0,13.96,0.3,1.4
AggressiveCar4,10.0,14.73,0.3,1.47
AggressiveCar5,6.9,9.3,0.3,1.35
AggressiveCar6,6.6,8.92,0.3,1.35
AggressiveCar7,1.2,2.02,0.3,1.68
AggressiveCar8,0.9,1.57,0.3,1.74
AggressiveCar1,10.0,14.02,0.3,1.4
AggressiveCar2,10.0,13.81,0.3,1.38
AggressiveCar3,10.0,14.48,0.3,1.45
AggressiveCar4,10.0,13.99,0.3,1.4
AggressiveCar5,7.0,9.86,0.3,1.41
AggressiveCar6,6.7,9.1,0.3,1.36
AggressiveCar7,1.3,2.13,0.3,1.64
AggressiveCar8,1.0,1.65,0.3,1.65
AggressiveCar1,10.0,13.77,0.3,1.38
AggressiveCar2,10.0,14.27,0.3,1.43
AggressiveCar3,10.0,13.93,0.3,1.39
AggressiveCar4,10.0,14.65,0.3,1.47
AggressiveCar5,7.1,9.62,0.3,1.35
AggressiveCar6,6.8,9.59,0.3,1.41
AggressiveCar7,1.4,2.16,0.3,1.54
AggressiveCar8,1.1,1.73,0.3,1.57
AggressiveCar1,10.0,13.86,0.3,1.39
AggressiveCar2,10.0,13.56,0.3,1.36
AggressiveCar3,10.0,14.26,0.3,1.43
AggressiveCar4,10.0,13.65,0.3,1.36
AggressiveCar5,7.2,9.81,0.3,1.36
AggressiveCar6,6.9,10.1,0.3,1.46
AggressiveCar7,1.5,2.42,0.3,1.61
AggressiveCar8,1.2,1.92,0.3,1.6
AggressiveCar1,10.0,14.79,0.3,1.48
AggressiveCar2,10.0,13.43,0.3,1.34
AggressiveCar3,10.0,14.57,0.3,1.46
AggressiveCar4,10.0,13.8,0.3,1.38
AggressiveCar5,7.3,10.74,0.3,1.47
AggressiveCar6,7.0,10.36,0.3,1.48
AggressiveCar7,1.6,2.43,0.3,1.52
AggressiveCar8,1.3,2.12,0.3,1.63
AggressiveCar1,10.0,13.93,0.3,1.39
AggressiveCar2,10.0,13.74,0.3,1.37
AggressiveCar3,10.0,13.44,0.3,1.34
AggressiveCar4,10.0,13.71,0.3,1.37
AggressiveCar5,7.4,10.87,0.3,1.47
AggressiveCar6,7.1,9.93,0.3,1.4
AggressiveCar7,1.7,2.6,0.3,1.53
AggressiveCar8,1.4,2.26,0.3,1.61
AggressiveCar1,10.0,14.64,0.3,1.46
AggressiveCar2,10.0,14.28,0.3,1.43
AggressiveCar3,10.0,13.44,0.3,1.34
AggressiveCar4,10.0,13.52,0.3,1.35
AggressiveCar5,7.5,10.5,0.3,1.4
AggressiveCar6,7.2,10.43,0.3,1.45
AggressiveCar7,1.8,2.87,0.3,1.59
AggressiveCar8,1.5,2.43,0.3,1.62
AggressiveCar1,10.0,13.59,0.3,1.36
AggressiveCar2,10.0,13.85,0.3,1.39
AggressiveCar3,10.0,14.34,0.3,1.43
AggressiveCar4,10.0,14.09,0.3,1.41
AggressiveCar5,7.6,10.94,0.3,1.44
AggressiveCar6,7.3,10.63,0.3,1.46
AggressiveCar7,1.9,2.95,0.3,1.55
AggressiveCar8,1.6,2.41,0.3,1.51
AggressiveCar1,10.0,14.06,0.3,1.41
AggressiveCar2,10.0,13.37,0.3,1.34
AggressiveCar3,10.0,13.98,0.3,1.4
AggressiveCar4,10.0,13.73,0.3,1.37
AggressiveCar5,7.7,10.7,0.3,1.39
AggressiveCar6,7.4,10.7,0.3,1.45
AggressiveCar7,2.0,2.91,0.3,1.46
AggressiveCar8,1.7,2.65,0.3,1.56
AggressiveCar1,10.0,14.29,0.3,1.43
AggressiveCar2,10.0,13.95,0.3,1.4
AggressiveCar3,10.0,14.29,0.3,1.43
AggressiveCar4,10.0,14.79,0.3,1.48
AggressiveCar5,7.8,11.45,0.3,1.47
AggressiveCar6,7.5,10.84,0.3,1.45
AggressiveCar7,2.1,3.05,0.3,1.45
AggressiveCar8,1.8,2.68,0.3,1.49
AggressiveCar1,10.0,14.07,0.3,1.41
AggressiveCar2,10.0,14.1,0.3,1.41
AggressiveCar3,10.0,13.91,0.3,1.39
AggressiveCar4,10.0,13.61,0.3,1.36
AggressiveCar5,7.9,11.68,0.3,1.48
AggressiveCar6,7.6,10.91,0.3,1.44
AggressiveCar7,2.2,3.27,0.3,1.49
AggressiveCar8,1.9,2.84,0.3,1.49
AggressiveCar1,10.0,13.55,0.3,1.35
AggressiveCar2,10.0,14.79,0.3,1.48
AggressiveCar3,10.0,13.67,0.3,1.37
AggressiveCar4,10.0,13.69,0.3,1.37
AggressiveCar5,8.0,11.41,0.3,1.43
AggressiveCar6,7.7,11.19,0.3,1.45
AggressiveCar7,2.3,3.61,0.3,1.57
AggressiveCar8,2.0,3.04,0.3,1.52
AggressiveCar1,10.0,14.54,0.3,1.45
AggressiveCar2,10.0,14.56,0.3,1.46
AggressiveCar3,10.0,14.62,0.3,1.46
AggressiveCar4,10.0,13.37,0.3,1.34
AggressiveCar5,8.1,11.57,0.3,1.43
AggressiveCar6,7.8,10.66,0.3,1.37
AggressiveCar7,2.4,3.59,0.3,1.5
AggressiveCar8,2.1,3.27,0.3,1.56
AggressiveCar1,10.0,14.79,0.3,1.48
AggressiveCar2,10.0,13.6,0.3,1.36
AggressiveCar3,10.0,13.7,0.3,1.37
AggressiveCar4,10.0,14.1,0.3,1.41
AggressiveCar5,8.2,11.79,0.3,1.44
AggressiveCar6,7.9,10.82,0.3,1.37
AggressiveCar7,2.5,3.55,0.3,1.42
AggressiveCar8,2.2,3.25,0.3,1.48
AggressiveCar1,10.0,14.47,0.3,1.45
AggressiveCar2,10.0,14.57,0.3,1.46
AggressiveCar3,10.0,14.56,0.3,1.46
AggressiveCar4,10.0,14.59,0.3,1.46
AggressiveCar5,8.3,12.16,0.3,1.47
AggressiveCar6,8.0,10.71,0.3,1.34
AggressiveCar7,2.6,3.69,0.3,1.42
AggressiveCar8,2.3,3.55,0.3,1.54
AggressiveCar1,10.0,13.44,0.3,1.34
AggressiveCar2,10.0,13.35,0.3,1.33
AggressiveCar3,10.0,13.72,0.3,1.37
AggressiveCar4,10.0,13.4,0.3,1.34
AggressiveCar5,8.4,11.27,0.3,1.34
AggressiveCar6,8.1,11.69,0.3,1.44
AggressiveCar7,2.7,4.01,0.3,1.49
AggressiveCar8,2.4,3.43,0.3,1.43
AggressiveCar1,10.0,14.31,0.3,1.43
AggressiveCar2,10.0,13.63,0.3,1.36
AggressiveCar3,10.0,14.66,0.3,1.47
AggressiveCar4,10.0,14.74,0.3,1.47
AggressiveCar5,8.5,11.69,0.3,1.38
AggressiveCar6,8.2,11.88,0.3,1.45
AggressiveCar7,2.8,3.97,0.3,1.42
AggressiveCar8,2.5,3.73,0.3,1.49
AggressiveCar1,10.0,14.49,0.3,1.45
AggressiveCar2,10.0,13.74,0.3,1.37
AggressiveCar3,10.0,14.65,0.3,1.47
AggressiveCar4,10.0,14.26,0.3,1.43
AggressiveCar5,8.6,12.13,0.3,1.41
AggressiveCar6,8.3,11.69,0.3,1.41
AggressiveCar7,2.9,4.35,0.3,1.5
AggressiveCar8,2.6,3.86,0.3,1.48
AggressiveCar1,10.0,13.41,0.3,1.34
AggressiveCar2,10.0,13.35,0.3,1.33
AggressiveCar3,10.0,13.36,0.3,1.34
AggressiveCar4,10.0,14.5,0.3,1.45
AggressiveCar5,8.7,12.37,0.3,1.42
AggressiveCar6,8.4,11.37,0.3,1.35
AggressiveCar7,3.0,4.62,0.3,1.54
AggressiveCar8,2.7,4.19,0.3,1.55
AggressiveCar1,10.0,13.59,0.3,1.36
AggressiveCar2,10.0,13.62,0.3,1.36
AggressiveCar3,10.0,14.15,0.3,1.42
AggressiveCar4,10.0,13.6,0.3,1.36
AggressiveCar5,8.8,12.91,0.3,1.47
AggressiveCar6,8.5,12.19,0.3,1.43
AggressiveCar7,3.1,4.74,0.3,1.53
AggressiveCar8,2.8,4.14,0.3,1.48
AggressiveCar1,10.0,13.67,0.3,1.37
AggressiveCar2,10.0,14.75,0.3,1.48
AggressiveCar3,10.0,14.62,0.3,1.46
AggressiveCar4,10.0,13.98,0.3,1.4
AggressiveCar5,8.9,12.14,0.3,1.36
AggressiveCar6,8.6,11.54,0.3,1.34
AggressiveCar7,3.2,4.87,0.3,1.52
AggressiveCar8,2.9,4.23,0.3,1.46
AggressiveCar1,10.0,14.18,0.3,1.42
AggressiveCar2,10.0,13.45,0.3,1.34
AggressiveCar3,10.0,14.42,0.3,1.44
AggressiveCar4,10.0,14.44,0.3,1.44
AggressiveCar5,9.0,12.52,0.3,1.39
AggressiveCar6,8.7,12.15,0.3,1.4
AggressiveCar7,3.3,4.77,0.3,1.45
AggressiveCar8,3.0,4.27,0.3,1.42
AggressiveCar1,10.0,14.4,0.3,1.44
AggressiveCar2,10.0,14.71,0.3,1.47
AggressiveCar3,10.0,14.03,0.3,1.4
AggressiveCar4,10.0,14.65,0.3,1.47
AggressiveCar5,9.1,12.15,0.3,1.34
AggressiveCar6,8.8,12.93,0.3,1.47
AggressiveCar7,3.4,4.83,0.3,1.42
AggressiveCar8,3.1,4.5,0.3,1.45
AggressiveCar1,10.0,14.27,0.3,1.43
AggressiveCar2,10.0,14.33,0.3,1.43
AggressiveCar3,10.0,13.64,0.3,1.36
AggressiveCar4,10.0,13.3,0.3,1.33
AggressiveCar5,9.2,12.98,0.3,1.41
AggressiveCar6,8.9,12.69,0.3,1.43
AggressiveCar7,3.5,5.07,0.3,1.45
AggressiveCar8,3.2,4.84,0.3,1.51
AggressiveCar1,10.0,14.11,0.3,1.41
AggressiveCar2,10.0,13.39,0.3,1.34
AggressiveCar3,10.0,14.6,0.3,1.46
AggressiveCar4,10.0,14.39,0.3,1.44
AggressiveCar5,9.3,13.22,0.3,1.42
AggressiveCar6,9.0,13.19,0.3,1.47
AggressiveCar7,3.6,5.09,0.3,1.41
AggressiveCar8,3.3,5.07,0.3,1.54
AggressiveCar1,10.0,13.53,0.3,1.35
AggressiveCar2,10.0,13.35,0.3,1.33
AggressiveCar3,10.0,13.36,0.3,1.34
AggressiveCar4,10.0,14.05,0.3,1.41
AggressiveCar5,9.4,13.85,0.3,1.47
AggressiveCar6,9.1,12.43,0.3,1.37
AggressiveCar7,3.7,5.35,0.3,1.45
AggressiveCar8,3.4,5.18,0.3,1.52
AggressiveCar1,10.0,14.49,0.3,1.45
AggressiveCar2,10.0,14.15,0.3,1.42
AggressiveCar3,10.0,14.57,0.3,1.46
AggressiveCar4,10.0,14.46,0.3,1.45
AggressiveCar5,9.5,13.02,0.3,1.37
AggressiveCar6,9.2,12.75,0.3,1.39
AggressiveCar7,3.8,5.29,0.3,1.39
AggressiveCar8,3.5,5.08,0.3,1.45
AggressiveCar1,10.0,14.48,0.3,1.45
AggressiveCar2,10.0,14.24,0.3,1.42
AggressiveCar3,10.0,13.43,0.3,1.34
AggressiveCar4,10.0,14.22,0.3,1.42
AggressiveCar5,9.6,12.99,0.3,1.35
AggressiveCar6,9.3,12.41,0.3,1.33
AggressiveCar7,3.9,5.9,0.3,1.51
AggressiveCar8,3.6,5.1,0.3,1.42
AggressiveCar1,10.0,14.59,0.3,1.46
AggressiveCar2,10.0,14.4,0.3,1.44
AggressiveCar3,10.0,13.33,0.3,1.33
AggressiveCar4,10.0,13.97,0.3,1.4
AggressiveCar5,9.7,13.96,0.3,1.44
AggressiveCar6,9.4,12.63,0.3,1.34
AggressiveCar7,4.0,5.58,0.3,1.4
AggressiveCar8,3.7,5.45,0.3,1.47
AggressiveCar1,10.0,14.56,0.3,1.46
AggressiveCar2,10.0,14.51,0.3,1.45
AggressiveCar3,10.0,13.59,0.3,1.36
AggressiveCar4,10.0,13.34,0.3,1.33
AggressiveCar5,9.8,13.33,0.3,1.36
AggressiveCar6,9.5,12.77,0.3,1.34
AggressiveCar7,4.1,6.04,0.3,1.47
AggressiveCar8,3.8,5.69,0.3,1.5
AggressiveCar1,10.0,14.37,0.3,1.44
AggressiveCar2,10.0,14.43,0.3,1.44
AggressiveCar3,10.0,13.38,0.3,1.34
AggressiveCar4,10.0,13.66,0.3,1.37
AggressiveCar5,9.9,13.67,0.3,1.38
AggressiveCar6,9.6,13.27,0.3,1.38
AggressiveCar7,4.2,5.97,0.3,1.42
AggressiveCar8,3.9,5.82,0.3,1.49
AggressiveCar1,10.0,13.91,0.3,1.39
AggressiveCar2,10.0,13.46,0.3,1.35
AggressiveCar3,10.0,14.0,0.3,1.4
AggressiveCar4,10.0,13.38,0.3,1.34
AggressiveCar5,10.0,14.1,0.3,1.41
AggressiveCar6,9.7,13.15,0.3,1.36
AggressiveCar7,4.3,5.89,0.3,1.37
AggressiveCar8,4.0,5.6,0.3,1.4
AggressiveCar1,10.0,14.14,0.3,1.41
AggressiveCar2,10.0,13.59,0.3,1.36
AggressiveCar3,10.0,14.66,0.3,1.47
AggressiveCar4,10.0,14.25,0.3,1.43
AggressiveCar5,10.0,14.17,0.3,1.42
AggressiveCar6,9.8,14.32,0.3,1.46
AggressiveCar7,4.4,6.23,0.3,1.42
AggressiveCar8,4.1,6.22,0.3,1.52
AggressiveCar1,10.0,14.03,0.3,1.4
AggressiveCar2,10.0,13.34,0.3,1.33
AggressiveCar3,10.0,14.19,0.3,1.42
AggressiveCar4,10.0,14.41,0.3,1.44
AggressiveCar5,10.0,13.61,0.3,1.36
AggressiveCar6,9.9,13.46,0.3,1.36
AggressiveCar7,4.5,6.17,0.3,1.37
AggressiveCar8,4.2,5.82,0.3,1.39
AggressiveCar1,10.0,14.57,0.3,1.46
AggressiveCar2,10.0,14.52,0.3,1.45
AggressiveCar3,10.0,13.5,0.3,1.35
AggressiveCar4,10.0,14.19,0.3,1.42
AggressiveCar5,10.0,13.84,0.3,1.38
AggressiveCar6,10.0,14.61,0.3,1.46
AggressiveCar7,4.6,6.67,0.3,1.45
AggressiveCar8,4.3,6.52,0.3,1.52
AggressiveCar1,10.0,13.99,0.3,1.4
AggressiveCar2,10.0,13.97,0.3,1.4
AggressiveCar3,10.0,14.45,0.3,1.44
AggressiveCar4,10.0,13.61,0.3,1.36
AggressiveCar5,10.0,13.96,0.3,1.4
AggressiveCar6,10.0,14.7,0.3,1.47
AggressiveCar7,4.7,6.54,0.3,1.39
AggressiveCar8,4.4,6.52,0.3,1.48
AggressiveCar1,10.0,13.83,0.3,1.38
AggressiveCar2,10.0,14.4,0.3,1.44
AggressiveCar3,10.0,14.7,0.3,1.47
AggressiveCar4,10.0,14.26,0.3,1.43
AggressiveCar5,10.0,14.23,0.3,1.42
AggressiveCar6,10.0,13.68,0.3,1.37
AggressiveCar7,4.8,7.08,0.3,1.48
AggressiveCar8,4.5,6.19,0.3,1.38
AggressiveCar1,10.0,13.98,0.3,1.4
AggressiveCar2,10.0,14.48,0.3,1.45
AggressiveCar3,10.0,13.83,0.3,1.38
AggressiveCar4,10.0,13.85,0.3,1.39
AggressiveCar5,10.0,14.42,0.3,1.44
AggressiveCar6,10.0,13.99,0.3,1.4
AggressiveCar7,4.9,7.36,0.3,1.5
AggressiveCar8,4.6,6.51,0.3,1.42
AggressiveCar1,10.0,14.15,0.3,1.42
AggressiveCar2,10.0,14.1,0.3,1.41
AggressiveCar3,10.0,14.33,0.3,1.43
AggressiveCar4,10.0,14.6,0.3,1.46
AggressiveCar5,10.0,13.81,0.3,1.38
AggressiveCar6,10.0,14.48,0.3,1.45
AggressiveCar7,5.0,7.22,0.3,1.44
AggressiveCar8,4.7,7.0,0.3,1.49
AggressiveCar1,10.0,14.31,0.3,1.43
AggressiveCar2,10.0,13.4,0.3,1.34
AggressiveCar3,10.0,13.59,0.3,1.36
AggressiveCar4,10.0,14.15,0.3,1.42
AggressiveCar5,10.0,13.97,0.3,1.4
AggressiveCar6,10.0,13.39,0.3,1.34
AggressiveCar7,5.1,7.33,0.3,1.44
AggressiveCar8,4.8,6.86,0.3,1.43
AggressiveCar1,10.0,13.73,0.3,1.37
AggressiveCar2,10.0,14.11,0.3,1.41
AggressiveCar3,10.0,14.27,0.3,1.43
AggressiveCar4,10.0,13.47,0.3,1.35
AggressiveCar5,10.0,13.96,0.3,1.4
AggressiveCar6,10.0,14.34,0.3,1.43
AggressiveCar7,5.2,7.6,0.3,1.46
AggressiveCar8,4.9,7.06,0.3,1.44
AggressiveCar1,10.0,14.02,0.3,1.4
AggressiveCar3,10.0,14.17,0.3,1.42
AggressiveCar4,10.0,13.7,0.3,1.37
AggressiveCar5,10.0,14.74,0.3,1.47
AggressiveCar6,10.0,14.08,0.3,1.41
AggressiveCar7,5.3,7.97,0.3,1.5
AggressiveCar8,5.0,7.24,0.3,1.45
AggressiveCar1,10.0,14.79,0.3,1.48
AggressiveCar3,10.0,14.24,0.3,1.42
AggressiveCar4,10.0,13.89,0.3,1.39
AggressiveCar5,10.0,13.38,0.3,1.34
AggressiveCar6,10.0,14.57,0.3,1.46
AggressiveCar7,5.4,7.45,0.3,1.38
AggressiveCar8,5.1,7.55,0.3,1.48
AggressiveCar1,10.0,14.62,0.3,1.46
AggressiveCar3,10.0,14.67,0.3,1.47
AggressiveCar4,10.0,14.65,0.3,1.47
AggressiveCar5,10.0,14.14,0.3,1.41
AggressiveCar6,10.0,13.65,0.3,1.36
AggressiveCar7,5.5,8.09,0.3,1.47
AggressiveCar8,5.2,7.75,0.3,1.49
AggressiveCar1,10.0,14.33,0.3,1.43
AggressiveCar3,10.0,14.15,0.3,1.42
AggressiveCar4,10.0,14.03,0.3,1.4
AggressiveCar5,10.0,14.78,0.3,1.48
AggressiveCar6,10.0,14.77,0.3,1.48
AggressiveCar7,5.6,7.67,0.3,1.37
AggressiveCar8,5.3,7.72,0.3,1.46
AggressiveCar1,10.0,13.75,0.3,1.38
AggressiveCar3,10.0,13.76,0.3,1.38
AggressiveCar4,10.0,14.54,0.3,1.45
AggressiveCar5,10.0,13.84,0.3,1.38
AggressiveCar6,10.0,13.51,0.3,1.35
AggressiveCar7,5.7,7.94,0.3,1.39
AggressiveCar8,5.4,7.92,0.3,1.47
AggressiveCar1,10.0,13.54,0.3,1.35
AggressiveCar3,10.0,14.41,0.3,1.44
AggressiveCar4,10.0,13.97,0.3,1.4
AggressiveCar5,10.0,13.33,0.3,1.33
AggressiveCar6,10.0,14.56,0.3,1.46
AggressiveCar7,5.8,8.1,0.3,1.4
AggressiveCar8,5.5,7.69,0.3,1.4
AggressiveCar1,10.0,13.63,0.3,1.36
AggressiveCar3,10.0,13.96,0.3,1.4
AggressiveCar4,10.0,13.48,0.3,1.35
AggressiveCar5,10.0,13.75,0.3,1.38
AggressiveCar6,10.0,13.67,0.3,1.37
AggressiveCar7,5.9,8.63,0.3,1.46
AggressiveCar8,5.6,8.38,0.3,1.5
AggressiveCar1,10.0,13.89,0.3,1.39
AggressiveCar3,10.0,14.75,0.3,1.48
AggressiveCar4,10.0,14.49,0.3,1.45
AggressiveCar5,10.0,14.25,0.3,1.43
AggressiveCar6,10.0,13.64,0.3,1.36
AggressiveCar7,6.0,8.95,0.3,1.49
AggressiveCar8,5.7,7.78,0.3,1.36
AggressiveCar1,10.0,14.04,0.3,1.4
AggressiveCar3,10.0,13.35,0.3,1.33
AggressiveCar4,10.0,14.64,0.3,1.46
AggressiveCar5,10.0,14.24,0.3,1.42
AggressiveCar6,10.0,13.39,0.3,1.34
AggressiveCar7,6.1,8.98,0.3,1.47
AggressiveCar8,5.8,8.53,0.3,1.47
AggressiveCar9,0.1,0.43,0.3,4.3
AggressiveCar10,0.1,0.44,0.3,4.4
AggressiveCar1,10.0,14.36,0.3,1.44
AggressiveCar3,10.0,13.51,0.3,1.35
AggressiveCar4,10.0,13.63,0.3,1.36
AggressiveCar5,10.0,14.67,0.3,1.47
AggressiveCar6,10.0,13.5,0.3,1.35
AggressiveCar7,6.2,8.38,0.3,1.35
AggressiveCar8,5.9,8.75,0.3,1.48
AggressiveCar9,0.2,0.59,0.3,2.95
AggressiveCar10,0.2,0.59,0.3,2.95
AggressiveCar1,10.0,13.85,0.3,1.39
AggressiveCar3,10.0,14.15,0.3,1.42
AggressiveCar4,10.0,14.38,0.3,1.44
AggressiveCar5,10.0,14.55,0.3,1.46
AggressiveCar6,10.0,14.5,0.3,1.45
AggressiveCar7,6.3,9.38,0.3,1.49
AggressiveCar8,6.0,8.57,0.3,1.43
AggressiveCar9,0.3,0.69,0.3,2.3
AggressiveCar10,0.3,0.71,0.3,2.37
AggressiveCar11,0.1,0.44,0.3,4.4
AggressiveCar1,10.0,13.58,0.3,1.36
AggressiveCar3,10.0,13.37,0.3,1.34
AggressiveCar4,10.0,14.04,0.3,1.4
AggressiveCar5,10.0,13.66,0.3,1.37
AggressiveCar6,10.0,14.43,0.3,1.44
AggressiveCar7,6.4,9.11,0.3,1.42
AggressiveCar8,6.1,8.57,0.3,1.4
AggressiveCar9,0.4,0.86,0.3,2.15
AggressiveCar10,0.4,0.82,0.3,2.05
AggressiveCar11,0.2,0.59,0.3,2.95
AggressiveCar1,10.0,13.77,0.3,1.38
AggressiveCar3,10.0,14.05,0.3,1.41
AggressiveCar4,10.0,14.48,0.3,1.45
AggressiveCar5,10.0,13.6,0.3,1.36
AggressiveCar6,10.0,14.7,0.3,1.47
AggressiveCar7,6.5,8.92,0.3,1.37
AggressiveCar8,6.2,8.4,0.3,1.35
AggressiveCar9,0.5,0.98,0.3,1.96
AggressiveCar10,0.5,1.0,0.3,2.0
AggressiveCar11,0.3,0.72,0.3,2.4
AggressiveCar1,10.0,13.44,0.3,1.34
AggressiveCar3,10.0,14.09,0.3,1.41
AggressiveCar4,10.0,14.7,0.3,1.47
AggressiveCar5,10.0,13.93,0.3,1.39
AggressiveCar6,10.0,14.79,0.3,1.48
AggressiveCar7,6.6,9.51,0.3,1.44
AggressiveCar8,6.3,8.97,0.3,1.42
AggressiveCar9,0.6,1.1,0.3,1.83
AggressiveCar10,0.6,1.14,0.3,1.9
AggressiveCar11,0.4,0.87,0.3,2.17
AggressiveCar1,10.0,14.35,0.3,1.44
AggressiveCar3,10.0,14.18,0.3,1.42
AggressiveCar4,10.0,13.92,0.3,1.39
AggressiveCar5,10.0,14.29,0.3,1.43
AggressiveCar6,10.0,14.28,0.3,1.43
AggressiveCar7,6.7,9.84,0.3,1.47
AggressiveCar8,6.4,8.78,0.3,1.37
AggressiveCar9,0.7,1.26,0.3,1.8
AggressiveCar10,0.7,1.25,0.3,1.79
AggressiveCar11,0.5,1.0,0.3,2.0
AggressiveCar1,10.0,13.37,0.3,1.34
AggressiveCar3,10.0,14.53,0.3,1.45
AggressiveCar4,10.0,13.51,0.3,1.35
AggressiveCar5,10.0,14.31,0.3,1.43
AggressiveCar6,10.0,14.44,0.3,1.44
AggressiveCar7,6.8,10.12,0.3,1.49
AggressiveCar8,6.5,8.85,0.3,1.36
AggressiveCar9,0.8,1.45,0.3,1.81
AggressiveCar10,0.8,1.43,0.3,1.79
AggressiveCar11,0.6,1.11,0.3,1.85
AggressiveCar1,10.0,13.35,0.3,1.33
AggressiveCar3,10.0,13.4,0.3,1.34
AggressiveCar4,10.0,14.1,0.3,1.41
AggressiveCar5,10.0,13.42,0.3,1.34
AggressiveCar6,10.0,13.82,0.3,1.38
AggressiveCar7,6.9,9.55,0.3,1.38
AggressiveCar8,6.6,9.32,0.3,1.41
AggressiveCar9,0.9,1.48,0.3,1.64
AggressiveCar10,0.9,1.56,0.3,1.73
AggressiveCar11,0.7,1.31,0.3,1.87
AggressiveCar1,10.0,13.36,0.3,1.34
AggressiveCar3,10.0,14.44,0.3,1.44
AggressiveCar4,10.0,14.19,0.3,1.42
AggressiveCar5,10.0,14.34,0.3,1.43
AggressiveCar6,10.0,14.53,0.3,1.45
AggressiveCar7,7.0,9.74,0.3,1.39
AggressiveCar8,6.7,9.02,0.3,1.35
AggressiveCar9,1.0,1.65,0.3,1.65
AggressiveCar10,1.0,1.62,0.3,1.62
AggressiveCar11,0.8,1.4,0.3,1.75
AggressiveCar1,10.0,13.5,0.3,1.35
AggressiveCar3,10.0,13.9,0.3,1.39
AggressiveCar4,10.0,14.76,0.3,1.48
AggressiveCar5,10.0,13.51,0.3,1.35
AggressiveCar6,10.0,13.39,0.3,1.34
AggressiveCar7,7.1,9.86,0.3,1.39
AggressiveCar8,6.8,9.27,0.3,1.36
AggressiveCar9,1.1,1.79,0.3,1.63
AggressiveCar10,1.1,1.87,0.3,1.7
AggressiveCar11,0.9,1.56,0.3,1.73
AggressiveCar1,10.0,14.19,0.3,1.42
AggressiveCar3,10.0,13.81,0.3,1.38
AggressiveCar4,10.0,13.32,0.3,1.33
AggressiveCar5,10.0,13.4,0.3,1.34
AggressiveCar6,10.0,14.41,0.3,1.44
AggressiveCar7,7.2,10.02,0.3,1.39
AggressiveCar8,6.9,9.72,0.3,1.41
AggressiveCar9,1.2,1.88,0.3,1.57
AggressiveCar10,1.2,1.9,0.3,1.58
AggressiveCar11,1.0,1.69,0.3,1.69
AggressiveCar1,10.0,14.65,0.3,1.47
AggressiveCar3,10.0,13.99,0.3,1.4
AggressiveCar4,10.0,13.78,0.3,1.38
AggressiveCar5,10.0,14.73,0.3,1.47
AggressiveCar6,10.0,13.34,0.3,1.33
AggressiveCar7,7.3,10.09,0.3,1.38
AggressiveCar8,7.0,9.75,0.3,1.39
AggressiveCar9,1.3,2.12,0.3,1.63
AggressiveCar10,1.3,2.11,0.3,1.62
AggressiveCar11,1.1,1.86,0.3,1.69
AggressiveCar1,10.0,14.17,0.3,1.42
AggressiveCar3,10.0,14.29,0.3,1.43
AggressiveCar5,10.0,13.76,0.3,1.38
AggressiveCar6,10.0,14.03,0.3,1.4
AggressiveCar7,7.4,10.28,0.3,1.39
AggressiveCar8,7.1,10.27,0.3,1.45
AggressiveCar9,1.4,2.32,0.3,1.66
AggressiveCar10,1.4,2.33,0.3,1.66
AggressiveCar11,1.2,1.9,0.3,1.58
AggressiveCar1,10.0,13.91,0.3,1.39
AggressiveCar3,10.0,13.62,0.3,1.36
AggressiveCar5,10.0,14.68,0.3,1.47
AggressiveCar6,10.0,14.01,0.3,1.4
AggressiveCar7,7.5,10.61,0.3,1.41
AggressiveCar8,7.2,10.6,0.3,1.47
AggressiveCar9,1.5,2.3,0.3,1.53
AggressiveCar10,1.5,2.45,0.3,1.63
AggressiveCar11,1.3,2.1,0.3,1.62
AggressiveCar1,10.0,13.66,0.3,1.37
AggressiveCar3,10.0,14.41,0.3,1.44
AggressiveCar5,10.0,14.41,0.3,1.44
AggressiveCar6,10.0,14.13,0.3,1.41
AggressiveCar7,7.6,11.29,0.3,1.49
AggressiveCar8,7.3,10.36,0.3,1.42
AggressiveCar9,1.6,2.56,0.3,1.6
AggressiveCar10,1.6,2.5,0.3,1.56
AggressiveCar11,1.4,2.28,0.3,1.63
AggressiveCar1,10.0,14.07,0.3,1.41
AggressiveCar3,10.0,14.63,0.3,1.46
AggressiveCar5,10.0,14.34,0.3,1.43
AggressiveCar6,10.0,14.77,0.3,1.48
AggressiveCar7,7.7,10.73,0.3,1.39
AggressiveCar8,7.4,10.03,0.3,1.36
AggressiveCar9,1.7,2.6,0.3,1.53
AggressiveCar10,1.7,2.62,0.3,1.54
AggressiveCar11,1.5,2.4,0.3,1.6
AggressiveCar1,10.0,13.73,0.3,1.37
AggressiveCar3,10.0,14.79,0.3,1.48
AggressiveCar5,10.0,14.76,0.3,1.48
AggressiveCar6,10.0,13.55,0.3,1.35
AggressiveCar7,7.8,11.02,0.3,1.41
AggressiveCar8,7.5,10.58,0.3,1.41
AggressiveCar9,1.8,2.87,0.3,1.59
AggressiveCar10,1.8,2.74,0.3,1.52
AggressiveCar11,1.6,2.48,0.3,1.55
AggressiveCar1,10.0,14.78,0.3,1.48
AggressiveCar3,10.0,14.13,0.3,1.41
AggressiveCar5,10.0,13.88,0.3,1.39
AggressiveCar6,10.0,13.92,0.3,1.39
AggressiveCar7,7.9,10.68,0.3,1.35
AggressiveCar8,7.6,11.3,0.3,1.49
AggressiveCar9,1.9,2.82,0.3,1.48
AggressiveCar10,1.9,2.84,0.3,1.49
AggressiveCar11,1.7,2.59,0.3,1.52
AggressiveCar1,10.0,13.94,0.3,1.39
AggressiveCar3,10.0,13.43,0.3,1.34
AggressiveCar5,10.0,14.21,0.3,1.42
AggressiveCar6,10.0,14.74,0.3,1.47
AggressiveCar7,8.0,11.64,0.3,1.46
AggressiveCar8,7.7,11.37,0.3,1.48
AggressiveCar9,2.0,3.16,0.3,1.58
AggressiveCar10,2.0,3.08,0.3,1.54
AggressiveCar11,1.8,2.87,0.3,1.59
AggressiveCar1,10.0,13.68,0.3,1.37
AggressiveCar3,10.0,13.44,0.3,1.34
AggressiveCar5,10.0,14.74,0.3,1.47
AggressiveCar6,10.0,13.38,0.3,1.34
AggressiveCar7,8.1,11.91,0.3,1.47
AggressiveCar8,7.8,11.22,0.3,1.44
AggressiveCar9,2.1,3.2,0.3,1.52
AggressiveCar10,2.1,3.17,0.3,1.51
AggressiveCar11,1.9,3.01,0.3,1.58
AggressiveCar1,10.0,13.52,0.3,1.35
AggressiveCar3,10.0,13.46,0.3,1.35
AggressiveCar5,10.0,13.69,0.3,1.37
AggressiveCar6,10.0,13.35,0.3,1.33
AggressiveCar7,8.2,11.3,0.3,1.38
AggressiveCar8,7.9,10.72,0.3,1.36
AggressiveCar9,2.2,3.26,0.3,1.48
AggressiveCar10,2.2,3.29,0.3,1.5
AggressiveCar11,2.0,3.08,0.3,1.54
AggressiveCar1,10.0,14.06,0.3,1.41
AggressiveCar3,10.0,13.32,0.3,1.33
AggressiveCar5,10.0,14.4,0.3,1.44
AggressiveCar6,10.0,14.07,0.3,1.41
AggressiveCar7,8.3,11.57,0.3,1.39
AggressiveCar8,8.0,11.42,0.3,1.43
AggressiveCar9,2.3,3.35,0.3,1.46
AggressiveCar10,2.3,3.31,0.3,1.44
AggressiveCar11,2.1,3.13,0.3,1.49
AggressiveCar1,10.0,14.07,0.3,1.41
AggressiveCar3,10.0,14.32,0.3,1.43
AggressiveCar5,10.0,13.34,0.3,1.33
AggressiveCar6,10.0,14.76,0.3,1.48
AggressiveCar7,8.4,12.13,0.3,1.44
AggressiveCar8,8.1,11.67,0.3,1.44
AggressiveCar9,2.4,3.53,0.3,1.47
AggressiveCar10,2.4,3.66,0.3,1.53
AggressiveCar11,2.2,3.23,0.3,1.47
AggressiveCar1,10.0,13.95,0.3,1.4
AggressiveCar3,10.0,14.24,0.3,1.42
AggressiveCar5,10.0,13.51,0.3,1.35
AggressiveCar6,10.0,14.18,0.3,1.42
AggressiveCar7,8.5,12.36,0.3,1.45
AggressiveCar8,8.2,12.04,0.3,1.47
AggressiveCar9,2.5,3.86,0.3,1.54
AggressiveCar10,2.5,3.88,0.3,1.55
AggressiveCar11,2.3,3.37,0.3,1.47
AggressiveCar1,10.0,13.47,0.3,1.35
AggressiveCar3,10.0,13.33,0.3,1.33
AggressiveCar5,10.0,13.31,0.3,1.33
AggressiveCar6,10.0,14.13,0.3,1.41
AggressiveCar7,8.6,12.21,0.3,1.42
AggressiveCar8,8.3,12.02,0.3,1.45
AggressiveCar9,2.6,3.71,0.3,1.43
AggressiveCar10,2.6,3.78,0.3,1.45
AggressiveCar11,2.4,3.71,0.3,1.55
AggressiveCar1,10.0,13.65,0.3,1.36
AggressiveCar3,10.0,14.29,0.3,1.43
AggressiveCar5,10.0,13.81,0.3,1.38
AggressiveCar6,10.0,14.8,0.3,1.48
AggressiveCar7,8.7,12.17,0.3,1.4
AggressiveCar8,8.4,12.01,0.3,1.43
AggressiveCar9,2.7,3.86,0.3,1.43
AggressiveCar10,2.7,4.2,0.3,1.56
AggressiveCar11,2.5,3.85,0.3,1.54
AggressiveCar1,10.0,14.56,0.3,1.46
AggressiveCar3,10.0,14.29,0.3,1.43
AggressiveCar5,10.0,14.8,0.3,1.48
AggressiveCar6,10.0,14.71,0.3,1.47
AggressiveCar7,8.8,12.63,0.3,1.44
AggressiveCar8,8.5,12.23,0.3,1.44
AggressiveCar9,2.8,3.99,0.3,1.43
AggressiveCar10,2.8,4.18,0.3,1.49
AggressiveCar11,2.6,3.89,0.3,1.5
AggressiveCar1,10.0,13.86,0.3,1.39
AggressiveCar3,10.0,14.08,0.3,1.41
AggressiveCar5,10.0,14.74,0.3,1.47
AggressiveCar6,10.0,14.73,0.3,1.47
AggressiveCar7,8.9,12.92,0.3,1.45
AggressiveCar8,8.6,12.23,0.3,1.42
AggressiveCar9,2.9,4.27,0.3,1.47
AggressiveCar10,2.9,4.31,0.3,1.49
AggressiveCar11,2.7,4.1,0.3,1.52
AggressiveCar1,10.0,14.24,0.3,1.42
AggressiveCar3,10.0,14.08,0.3,1.41
AggressiveCar5,10.0,14.46,0.3,1.45
AggressiveCar6,10.0,14.22,0.3,1.42
AggressiveCar7,9.0,12.04,0.3,1.34
AggressiveCar8,8.7,12.51,0.3,1.44
AggressiveCar9,3.0,4.56,0.3,1.52
AggressiveCar10,3.0,4.41,0.3,1.47
AggressiveCar11,2.8,4.1,0.3,1.46
AggressiveCar1,10.0,13.65,0.3,1.36
AggressiveCar3,10.0,14.56,0.3,1.46
AggressiveCar5,10.0,14.64,0.3,1.46
AggressiveCar6,10.0,13.92,0.3,1.39
AggressiveCar7,9.1,13.16,0.3,1.45
AggressiveCar8,8.8,12.29,0.3,1.4
AggressiveCar9,3.1,4.67,0.3,1.51
AggressiveCar10,3.1,4.37,0.3,1.41
AggressiveCar11,2.9,4.08,0.3,1.41
AggressiveCar1,10.0,14.26,0.3,1.43
AggressiveCar3,10.0,13.71,0.3,1.37
AggressiveCar5,10.0,14.63,0.3,1.46
AggressiveCar7,9.2,12.59,0.3,1.37
AggressiveCar8,8.9,12.28,0.3,1.38
AggressiveCar9,3.2,4.82,0.3,1.51
AggressiveCar10,3.2,4.51,0.3,1.41
AggressiveCar11,3.0,4.6,0.3,1.53
AggressiveCar1,10.0,13.92,0.3,1.39
AggressiveCar3,10.0,13.94,0.3,1.39
AggressiveCar5,10.0,13.79,0.3,1.38
AggressiveCar7,9.3,13.29,0.3,1.43
AggressiveCar8,9.0,13.21,0.3,1.47
AggressiveCar9,3.3,4.6,0.3,1.39
AggressiveCar10,3.3,5.06,0.3,1.53
AggressiveCar11,3.1,4.68,0.3,1.51
AggressiveCar1,10.0,14.07,0.3,1.41
AggressiveCar3,10.0,13.31,0.3,1.33
AggressiveCar5,10.0,13.93,0.3,1.39
AggressiveCar7,9.4,13.62,0.3,1.45
AggressiveCar8,9.1,12.8,0.3,1.41
AggressiveCar9,3.4,5.21,0.3,1.53
AggressiveCar10,3.4,5.01,0.3,1.47
AggressiveCar11,3.2,4.62,0.3,1.44
AggressiveCar1,10.0,14.61,0.3,1.46
AggressiveCar3,10.0,14.78,0.3,1.48
AggressiveCar5,10.0,14.51,0.3,1.45
AggressiveCar7,9.5,13.2,0.3,1.39
AggressiveCar8,9.2,13.22,0.3,1.44
AggressiveCar9,3.5,5.01,0.3,1.43
AggressiveCar10,3.5,4.95,0.3,1.41
AggressiveCar11,3.3,5.04,0.3,1.53
AggressiveCar1,10.0,14.12,0.3,1.41
AggressiveCar3,10.0,13.57,0.3,1.36
AggressiveCar5,10.0,13.69,0.3,1.37
AggressiveCar7,9.6,13.8,0.3,1.44
AggressiveCar8,9.3,12.64,0.3,1.36
AggressiveCar9,3.6,5.24,0.3,1.46
AggressiveCar10,3.6,5.1,0.3,1.42
AggressiveCar11,3.4,5.22,0.3,1.54
AggressiveCar1,10.0,13.97,0.3,1.4
AggressiveCar3,10.0,14.77,0.3,1.48
AggressiveCar5,10.0,13.83,0.3,1.38
AggressiveCar7,9.7,14.22,0.3,1.47
AggressiveCar8,9.4,13.38,0.3,1.42
AggressiveCar9,3.7,5.4,0.3,1.46
AggressiveCar10,3.7,5.25,0.3,1.42
AggressiveCar11,3.5,5.26,0.3,1.5
AggressiveCar1,10.0,13.61,0.3,1.36
AggressiveCar3,10.0,14.79,0.3,1.48
AggressiveCar5,10.0,13.3,0.3,1.33
AggressiveCar7,9.8,13.6,0.3,1.39
AggressiveCar8,9.5,13.24,0.3,1.39
AggressiveCar9,3.8,5.32,0.3,1.4
AggressiveCar10,3.8,5.37,0.3,1.41
AggressiveCar11,3.6,5.3,0.3,1.47
AggressiveCar1,10.0,14.02,0.3,1.4
AggressiveCar3,10.0,13.33,0.3,1.33
AggressiveCar5,10.0,14.09,0.3,1.41
AggressiveCar7,9.9,14.37,0.3,1.45
AggressiveCar8,9.6,13.29,0.3,1.38
AggressiveCar9,3.9,5.85,0.3,1.5
AggressiveCar10,3.9,5.58,0.3,1.43
AggressiveCar11,3.7,5.18,0.3,1.4
AggressiveCar1,10.0,13.55,0.3,1.35
AggressiveCar3,10.0,13.77,0.3,1.38
AggressiveCar5,10.0,13.34,0.3,1.33
AggressiveCar7,10.0,13.45,0.3,1.34
AggressiveCar8,9.7,13.0,0.3,1.34
AggressiveCar9,4.0,5.8,0.3,1.45
AggressiveCar10,4.0,5.82,0.3,1.46
AggressiveCar11,3.8,5.29,0.3,1.39
AggressiveCar1,10.0,13.53,0.3,1.35
AggressiveCar3,10.0,14.19,0.3,1.42
AggressiveCar5,10.0,13.58,0.3,1.36
AggressiveCar7,10.0,13.4,0.3,1.34
AggressiveCar8,9.8,14.26,0.3,1.46
AggressiveCar9,4.1,6.01,0.3,1.47
AggressiveCar10,4.1,5.66,0.3,1.38
AggressiveCar11,3.9,5.89,0.3,1.51
AggressiveCar1,10.0,13.79,0.3,1.38
AggressiveCar3,10.0,14.74,0.3,1.47
AggressiveCar5,10.0,13.78,0.3,1.38
AggressiveCar7,10.0,14.11,0.3,1.41
AggressiveCar8,9.9,14.39,0.3,1.45
AggressiveCar9,4.2,5.92,0.3,1.41
AggressiveCar10,4.2,6.31,0.3,1.5
AggressiveCar11,4.0,5.65,0.3,1.41
AggressiveCar1,10.0,13.43,0.3,1.34
AggressiveCar3,10.0,14.37,0.3,1.44
AggressiveCar5,10.0,14.8,0.3,1.48
AggressiveCar7,10.0,14.39,0.3,1.44
AggressiveCar8,10.0,13.56,0.3,1.36
AggressiveCar9,4.3,6.19,0.3,1.44
AggressiveCar10,4.3,6.44,0.3,1.5
AggressiveCar11,4.1,6.24,0.3,1.52
AggressiveCar1,10.0,13.89,0.3,1.39
AggressiveCar3,10.0,14.38,0.3,1.44
AggressiveCar5,10.0,14.65,0.3,1.47
AggressiveCar7,10.0,13.45,0.3,1.34
AggressiveCar8,10.0,14.17,0.3,1.42
AggressiveCar9,4.4,6.41,0.3,1.46
AggressiveCar10,4.4,6.26,0.3,1.42
AggressiveCar11,4.2,5.91,0.3,1.41
AggressiveCar1,10.0,14.12,0.3,1.41
AggressiveCar3,10.0,13.97,0.3,1.4
AggressiveCar5,10.0,14.47,0.3,1.45
AggressiveCar7,10.0,13.65,0.3,1.36
AggressiveCar8,10.0,13.72,0.3,1.37
AggressiveCar9,4.5,6.39,0.3,1.42
AggressiveCar10,4.5,6.59,0.3,1.46
AggressiveCar11,4.3,6.37,0.3,1.48
AggressiveCar1,10.0,14.13,0.3,1.41
AggressiveCar3,10.0,14.76,0.3,1.48
AggressiveCar5,10.0,13.36,0.3,1.34
AggressiveCar7,10.0,14.41,0.3,1.44
AggressiveCar8,10.0,13.64,0.3,1.36
AggressiveCar9,4.6,6.58,0.3,1.43
AggressiveCar10,4.6,6.92,0.3,1.5
AggressiveCar11,4.4,6.25,0.3,1.42
AggressiveCar1,10.0,14.54,0.3,1.45
AggressiveCar3,10.0,14.71,0.3,1.47
AggressiveCar5,10.0,14.4,0.3,1.44
AggressiveCar7,10.0,14.02,0.3,1.4
AggressiveCar8,10.0,13.8,0.3,1.38
AggressiveCar9,4.7,6.58,0.3,1.4
AggressiveCar10,4.7,6.79,0.3,1.44
AggressiveCar11,4.5,6.56,0.3,1.46
AggressiveCar1,10.0,14.63,0.3,1.46
AggressiveCar3,10.0,14.4,0.3,1.44
AggressiveCar5,10.0,14.43,0.3,1.44
AggressiveCar7,10.0,13.59,0.3,1.36
AggressiveCar8,10.0,14.19,0.3,1.42
AggressiveCar9,4.8,6.76,0.3,1.41
AggressiveCar10,4.8,6.59,0.3,1.37
AggressiveCar11,4.6,6.57,0.3,1.43
AggressiveCar1,10.0,13.58,0.3,1.36
AggressiveCar3,10.0,14.77,0.3,1.48
AggressiveCar5,10.0,14.46,0.3,1.45
AggressiveCar7,10.0,13.8,0.3,1.38
AggressiveCar8,10.0,14.69,0.3,1.47
AggressiveCar9,4.9,7.36,0.3,1.5
AggressiveCar10,4.9,6.67,0.3,1.36
AggressiveCar11,4.7,6.65,0.3,1.41
AggressiveCar1,10.0,14.32,0.3,1.43
AggressiveCar3,10.0,14.59,0.3,1.46
AggressiveCar5,10.0,14.15,0.3,1.42
AggressiveCar7,10.0,13.34,0.3,1.33
AggressiveCar9,5.0,7.21,0.3,1.44
AggressiveCar10,5.0,6.93,0.3,1.39
AggressiveCar11,4.8,6.72,0.3,1.4
AggressiveCar1,10.0,13.85,0.3,1.39
AggressiveCar3,10.0,13.84,0.3,1.38
AggressiveCar5,10.0,13.95,0.3,1.4
AggressiveCar7,10.0,14.36,0.3,1.44
AggressiveCar9,5.1,7.19,0.3,1.41
AggressiveCar10,5.1,7.4,0.3,1.45
AggressiveCar11,4.9,7.0,0.3,1.43
AggressiveCar1,10.0,13.52,0.3,1.35
AggressiveCar3,10.0,14.43,0.3,1.44
AggressiveCar5,10.0,14.2,0.3,1.42
AggressiveCar7,10.0,14.72,0.3,1.47
AggressiveCar9,5.2,7.32,0.3,1.41
AggressiveCar10,5.2,7.41,0.3,1.43
AggressiveCar11,5.0,7.07,0.3,1.41
AggressiveCar1,10.0,13.95,0.3,1.4
AggressiveCar3,10.0,13.77,0.3,1.38
AggressiveCar5,10.0,13.35,0.3,1.33
AggressiveCar7,10.0,14.34,0.3,1.43
AggressiveCar9,5.3,7.91,0.3,1.49
AggressiveCar10,5.3,7.5,0.3,1.42
AggressiveCar11,5.1,7.24,0.3,1.42
AggressiveCar1,10.0,13.47,0.3,1.35
AggressiveCar3,10.0,13.74,0.3,1.37
AggressiveCar5,10.0,14.61,0.3,1.46
AggressiveCar7,10.0,13.89,0.3,1.39
AggressiveCar9,5.4,7.49,0.3,1.39
AggressiveCar10,5.4,7.83,0.3,1.45
AggressiveCar11,5.2,7.19,0.3,1.38
AggressiveCar1,10.0,14.69,0.3,1.47
AggressiveCar3,10.0,14.53,0.3,1.45
AggressiveCar5,10.0,13.9,0.3,1.39
AggressiveCar7,10.0,14.27,0.3,1.43
AggressiveCar9,5.5,8.01,0.3,1.46
AggressiveCar10,5.5,7.63,0.3,1.39
AggressiveCar11,5.3,7.44,0.3,1.4
AggressiveCar1,10.0,14.26,0.3,1.43
AggressiveCar3,10.0,13.9,0.3,1.39
AggressiveCar5,10.0,13.77,0.3,1.38
AggressiveCar7,10.0,13.45,0.3,1.34
AggressiveCar9,5.6,8.33,0.3,1.49
AggressiveCar10,5.6,8.12,0.3,1.45
AggressiveCar11,5.4,7.72,0.3,1.43
AggressiveCar1,10.0,13.51,0.3,1.35
AggressiveCar3,10.0,13.69,0.3,1.37
AggressiveCar5,10.0,13.53,0.3,1.35
AggressiveCar7,10.0,14.03,0.3,1.4
AggressiveCar9,5.7,8.06,0.3,1.41
AggressiveCar10,5.7,7.77,0.3,1.36
AggressiveCar11,5.5,7.89,0.3,1.43
AggressiveCar1,10.0,13.59,0.3,1.36
AggressiveCar3,10.0,13.43,0.3,1.34
AggressiveCar5,10.0,13.58,0.3,1.36
AggressiveCar7,10.0,13.32,0.3,1.33
AggressiveCar9,5.8,8.67,0.3,1.49
AggressiveCar10,5.8,8.12,0.3,1.4
AggressiveCar11,5.6,8.42,0.3,1.5
AggressiveCar12,0.1,0.44,0.3,4.4
AggressiveCar1,10.0,13.79,0.3,1.38
AggressiveCar3,10.0,14.46,0.3,1.45
AggressiveCar5,10.0,14.02,0.3,1.4
AggressiveCar7,10.0,14.73,0.3,1.47
AggressiveCar11,5.7,8.52,0.3,1.49
AggressiveCar12,0.2,0.56,0.3,2.8
AggressiveCar1,10.0,13.33,0.3,1.33
AggressiveCar3,10.0,13.7,0.3,1.37
AggressiveCar5,10.0,13.61,0.3,1.36
AggressiveCar7,10.0,14.29,0.3,1.43
AggressiveCar11,5.8,8.22,0.3,1.42
AggressiveCar12,0.3,0.7,0.3,2.33
AggressiveCar1,10.0,14.26,0.3,1.43
AggressiveCar3,10.0,14.59,0.3,1.46
AggressiveCar5,10.0,13.52,0.3,1.35
AggressiveCar7,10.0,13.69,0.3,1.37
AggressiveCar11,5.9,8.36,0.3,1.42
AggressiveCar12,0.4,0.85,0.3,2.12
AggressiveCar1,10.0,14.66,0.3,1.47
AggressiveCar3,10.0,14.56,0.3,1.46
AggressiveCar5,10.0,14.44,0.3,1.44
AggressiveCar7,10.0,14.29,0.3,1.43
AggressiveCar11,6.0,8.75,0.3,1.46
AggressiveCar12,0.5,0.96,0.3,1.92
AggressiveCar1,10.0,14.11,0.3,1.41
AggressiveCar3,10.0,13.36,0.3,1.34
AggressiveCar5,10.0,13.95,0.3,1.4
AggressiveCar7,10.0,13.76,0.3,1.38
AggressiveCar11,6.1,8.64,0.3,1.42
AggressiveCar12,0.6,1.12,0.3,1.87
AggressiveCar1,10.0,14.51,0.3,1.45
AggressiveCar3,10.0,13.38,0.3,1.34
AggressiveCar5,10.0,14.79,0.3,1.48
AggressiveCar7,10.0,13.65,0.3,1.36
AggressiveCar11,6.2,8.44,0.3,1.36
AggressiveCar12,0.7,1.22,0.3,1.74
AggressiveCar1,10.0,14.77,0.3,1.48
AggressiveCar3,10.0,13.87,0.3,1.39
AggressiveCar5,10.0,13.59,0.3,1.36
AggressiveCar7,10.0,13.77,0.3,1.38
AggressiveCar11,6.3,8.55,0.3,1.36
AggressiveCar12,0.8,1.44,0.3,1.8
AggressiveCar13,0.1,0.43,0.3,4.3
AggressiveCar1,10.0,14.08,0.3,1.41
AggressiveCar3,10.0,14.33,0.3,1.43
AggressiveCar5,10.0,14.24,0.3,1.42
AggressiveCar7,10.0,14.26,0.3,1.43
AggressiveCar11,6.4,9.23,0.3,1.44
AggressiveCar12,0.9,1.49,0.3,1.66
AggressiveCar13,0.2,0.58,0.3,2.9
AggressiveCar1,10.0,14.23,0.3,1.42
AggressiveCar3,10.0,14.22,0.3,1.42
AggressiveCar5,10.0,13.46,0.3,1.35
AggressiveCar7,10.0,14.7,0.3,1.47
AggressiveCar11,6.5,8.76,0.3,1.35
AggressiveCar12,1.0,1.74,0.3,1.74
AggressiveCar13,0.3,0.69,0.3,2.3
AggressiveCar1,10.0,14.67,0.3,1.47
AggressiveCar3,10.0,13.74,0.3,1.37
AggressiveCar5,10.0,13.48,0.3,1.35
AggressiveCar7,10.0,14.29,0.3,1.43
AggressiveCar11,6.6,9.27,0.3,1.4
AggressiveCar12,1.1,1.74,0.3,1.58
AggressiveCar13,0.4,0.82,0.3,2.05
AggressiveCar1,10.0,13.61,0.3,1.36
AggressiveCar3,10.0,14.41,0.3,1.44
AggressiveCar5,10.0,14.6,0.3,1.46
AggressiveCar7,10.0,14.11,0.3,1.41
AggressiveCar11,6.7,9.83,0.3,1.47
AggressiveCar12,1.2,1.97,0.3,1.64
AggressiveCar13,0.5,0.99,0.3,1.98
AggressiveCar1,10.0,14.04,0.3,1.4
AggressiveCar3,10.0,13.44,0.3,1.34
AggressiveCar5,10.0,14.08,0.3,1.41
AggressiveCar7,10.0,13.5,0.3,1.35
AggressiveCar11,6.8,9.62,0.3,1.41
AggressiveCar12,1.3,2.1,0.3,1.62
AggressiveCar13,0.6,1.11,0.3,1.85
AggressiveCar1,10.0,13.97,0.3,1.4
AggressiveCar3,10.0,14.31,0.3,1.43
AggressiveCar5,10.0,13.56,0.3,1.36
AggressiveCar7,10.0,14.38,0.3,1.44
AggressiveCar11,6.9,10.2,0.3,1.48
AggressiveCar12,1.4,2.2,0.3,1.57
AggressiveCar13,0.7,1.26,0.3,1.8
AggressiveCar1,10.0,13.63,0.3,1.36
AggressiveCar3,10.0,14.11,0.3,1.41
AggressiveCar5,10.0,13.73,0.3,1.37
AggressiveCar7,10.0,14.52,0.3,1.45
AggressiveCar11,7.0,9.63,0.3,1.38
AggressiveCar12,1.5,2.39,0.3,1.59
AggressiveCar13,0.8,1.42,0.3,1.77
AggressiveCar1,10.0,14.14,0.3,1.41
AggressiveCar3,10.0,14.42,0.3,1.44
AggressiveCar5,10.0,13.3,0.3,1.33
AggressiveCar7,10.0,13.63,0.3,1.36
AggressiveCar11,7.1,10.28,0.3,1.45
AggressiveCar12,1.6,2.47,0.3,1.54
AggressiveCar13,0.9,1.49,0.3,1.66
AggressiveCar1,10.0,14.35,0.3,1.44
AggressiveCar3,10.0,14.68,0.3,1.47
AggressiveCar5,10.0,13.73,0.3,1.37
AggressiveCar7,10.0,14.09,0.3,1.41
AggressiveCar11,7.2,10.74,0.3,1.49
AggressiveCar12,1.7,2.58,0.3,1.52
AggressiveCar13,1.0,1.65,0.3,1.65
AggressiveCar1,10.0,14.28,0.3,1.43
AggressiveCar3,10.0,14.08,0.3,1.41
AggressiveCar5,10.0,13.99,0.3,1.4
AggressiveCar7,10.0,13.87,0.3,1.39
AggressiveCar11,7.3,10.57,0.3,1.45
AggressiveCar12,1.8,2.81,0.3,1.56
AggressiveCar13,1.1,1.85,0.3,1.68
AggressiveCar1,10.0,14.13,0.3,1.41
AggressiveCar3,10.0,13.83,0.3,1.38
AggressiveCar5,10.0,14.4,0.3,1.44
AggressiveCar7,10.0,13.92,0.3,1.39
AggressiveCar11,7.4,10.18,0.3,1.38
AggressiveCar12,1.9,2.96,0.3,1.56
AggressiveCar13,1.2,1.9,0.3,1.58
AggressiveCar1,10.0,13.38,0.3,1.34
AggressiveCar3,10.0,13.34,0.3,1.33
AggressiveCar5,10.0,14.43,0.3,1.44
AggressiveCar7,10.0,13.3,0.3,1.33
AggressiveCar11,7.5,10.26,0.3,1.37
AggressiveCar12,2.0,3.19,0.3,1.59
AggressiveCar13,1.3,2.07,0.3,1.59
AggressiveCar1,10.0,13.35,0.3,1.33
AggressiveCar3,10.0,13.74,0.3,1.37
AggressiveCar5,10.0,14.35,0.3,1.44
AggressiveCar7,10.0,14.12,0.3,1.41
AggressiveCar11,7.6,10.96,0.3,1.44
AggressiveCar12,2.1,3.16,0.3,1.5
AggressiveCar13,1.4,2.17,0.3,1.55
AggressiveCar1,10.0,14.49,0.3,1.45
AggressiveCar3,10.0,14.51,0.3,1.45
AggressiveCar5,10.0,14.1,0.3,1.41
AggressiveCar7,10.0,13.97,0.3,1.4
AggressiveCar11,7.7,10.81,0.3,1.4
AggressiveCar12,2.2,3.24,0.3,1.47
AggressiveCar13,1.5,2.33,0.3,1.55
AggressiveCar1,10.0,14.02,0.3,1.4
AggressiveCar3,10.0,14.38,0.3,1.44
AggressiveCar5,10.0,13.98,0.3,1.4
AggressiveCar7,10.0,14.38,0.3,1.44
AggressiveCar11,7.8,10.56,0.3,1.35
AggressiveCar12,2.3,3.5,0.3,1.52
AggressiveCar13,1.6,2.42,0.3,1.51
AggressiveCar1,10.0,14.49,0.3,1.45
AggressiveCar3,10.0,14.72,0.3,1.47
AggressiveCar5,10.0,13.91,0.3,1.39
AggressiveCar7,10.0,14.77,0.3,1.48
AggressiveCar11,7.9,11.69,0.3,1.48
AggressiveCar12,2.4,3.76,0.3,1.57
AggressiveCar13,1.7,2.7,0.3,1.59
AggressiveCar1,10.0,13.64,0.3,1.36
AggressiveCar3,10.0,14.23,0.3,1.42
AggressiveCar5,10.0,13.78,0.3,1.38
AggressiveCar7,10.0,13.45,0.3,1.34
AggressiveCar11,8.0,11.42,0.3,1.43
AggressiveCar12,2.5,3.58,0.3,1.43
AggressiveCar13,1.8,2.72,0.3,1.51
AggressiveCar1,10.0,13.66,0.3,1.37
AggressiveCar3,10.0,13.85,0.3,1.39
AggressiveCar5,10.0,13.47,0.3,1.35
AggressiveCar7,10.0,14.79,0.3,1.48
AggressiveCar11,8.1,11.71,0.3,1.45
AggressiveCar12,2.6,3.94,0.3,1.52
AggressiveCar13,1.9,2.93,0.3,1.54
AggressiveCar1,10.0,14.28,0.3,1.43
AggressiveCar3,10.0,14.35,0.3,1.44
AggressiveCar5,10.0,13.68,0.3,1.37
AggressiveCar7,10.0,13.33,0.3,1.33
AggressiveCar11,8.2,11.95,0.3,1.46
AggressiveCar12,2.7,4.05,0.3,1.5
AggressiveCar13,2.0,2.98,0.3,1.49
AggressiveCar1,10.0,14.3,0.3,1.43
AggressiveCar3,10.0,13.58,0.3,1.36
AggressiveCar5,10.0,14.7,0.3,1.47
AggressiveCar7,10.0,14.65,0.3,1.47
AggressiveCar11,8.3,11.71,0.3,1.41
AggressiveCar12,2.8,4.27,0.3,1.52
AggressiveCar13,2.1,3.21,0.3,1.53
AggressiveCar1,10.0,13.49,0.3,1.35
AggressiveCar3,10.0,13.42,0.3,1.34
AggressiveCar5,10.0,14.19,0.3,1.42
AggressiveCar7,10.0,14.44,0.3,1.44
AggressiveCar11,8.4,12.14,0.3,1.45
AggressiveCar12,2.9,4.47,0.3,1.54
AggressiveCar13,2.2,3.34,0.3,1.52
AggressiveCar1,10.0,13.84,0.3,1.38
AggressiveCar3,10.0,14.45,0.3,1.44
AggressiveCar5,10.0,13.76,0.3,1.38
AggressiveCar7,10.0,14.77,0.3,1.48
AggressiveCar11,8.5,11.87,0.3,1.4
AggressiveCar12,3.0,4.38,0.3,1.46
AggressiveCar13,2.3,3.4,0.3,1.48
AggressiveCar1,10.0,13.98,0.3,1.4
AggressiveCar3,10.0,14.08,0.3,1.41
AggressiveCar5,10.0,14.25,0.3,1.43
AggressiveCar7,10.0,14.48,0.3,1.45
AggressiveCar11,8.6,11.73,0.3,1.36
AggressiveCar12,3.1,4.59,0.3,1.48
AggressiveCar13,2.4,3.74,0.3,1.56
AggressiveCar1,10.0,13.65,0.3,1.36
AggressiveCar3,10.0,13.36,0.3,1.34
AggressiveCar5,10.0,13.56,0.3,1.36
AggressiveCar7,10.0,13.91,0.3,1.39
AggressiveCar11,8.7,12.59,0.3,1.45
AggressiveCar12,3.2,4.63,0.3,1.45
AggressiveCar13,2.5,3.59,0.3,1.44
AggressiveCar1,10.0,13.78,0.3,1.38
AggressiveCar3,10.0,13.81,0.3,1.38
AggressiveCar5,10.0,13.77,0.3,1.38
AggressiveCar7,10.0,13.7,0.3,1.37
AggressiveCar11,8.8,12.63,0.3,1.44
AggressiveCar12,3.3,4.77,0.3,1.45
AggressiveCar13,2.6,3.71,0.3,1.43
AggressiveCar1,10.0,14.18,0.3,1.42
AggressiveCar3,10.0,14.23,0.3,1.42
AggressiveCar5,10.0,13.3,0.3,1.33
AggressiveCar7,10.0,13.48,0.3,1.35
AggressiveCar11,8.9,12.07,0.3,1.36
AggressiveCar12,3.4,5.17,0.3,1.52
AggressiveCar13,2.7,4.06,0.3,1.5
AggressiveCar1,10.0,14.44,0.3,1.44
AggressiveCar3,10.0,14.72,0.3,1.47
AggressiveCar5,10.0,14.11,0.3,1.41
AggressiveCar7,10.0,13.94,0.3,1.39
AggressiveCar11,9.0,12.75,0.3,1.42
AggressiveCar12,3.5,5.07,0.3,1.45
AggressiveCar13,2.8,4.34,0.3,1.55
AggressiveCar1,10.0,14.69,0.3,1.47
AggressiveCar3,10.0,13.64,0.3,1.36
AggressiveCar5,10.0,13.7,0.3,1.37
AggressiveCar7,10.0,13.95,0.3,1.4
AggressiveCar11,9.1,12.88,0.3,1.42
AggressiveCar12,3.6,5.18,0.3,1.44
AggressiveCar13,2.9,4.16,0.3,1.43
AggressiveCar1,10.0,14.62,0.3,1.46
AggressiveCar3,10.0,14.16,0.3,1.42
AggressiveCar5,10.0,13.32,0.3,1.33
AggressiveCar7,10.0,13.46,0.3,1.35
AggressiveCar11,9.2,13.49,0.3,1.47
AggressiveCar12,3.7,5.64,0.3,1.52
AggressiveCar13,3.0,4.49,0.3,1.5
AggressiveCar1,10.0,13.87,0.3,1.39
AggressiveCar3,10.0,13.82,0.3,1.38
AggressiveCar5,10.0,14.07,0.3,1.41
AggressiveCar7,10.0,13.4,0.3,1.34
AggressiveCar11,9.3,12.97,0.3,1.39
AggressiveCar12,3.8,5.76,0.3,1.52
AggressiveCar13,3.1,4.61,0.3,1.49
AggressiveCar1,10.0,13.57,0.3,1.36
AggressiveCar3,10.0,13.96,0.3,1.4
AggressiveCar5,10.0,14.6,0.3,1.46
AggressiveCar7,10.0,14.27,0.3,1.43
AggressiveCar11,9.4,13.49,0.3,1.44
AggressiveCar12,3.9,5.73,0.3,1.47
AggressiveCar13,3.2,4.61,0.3,1.44
AggressiveCar1,10.0,14.64,0.3,1.46
AggressiveCar3,10.0,14.19,0.3,1.42
AggressiveCar5,10.0,14.52,0.3,1.45
AggressiveCar7,10.0,13.31,0.3,1.33
AggressiveCar11,9.5,12.66,0.3,1.33
AggressiveCar12,4.0,5.68,0.3,1.42
AggressiveCar13,3.3,4.88,0.3,1.48
AggressiveCar1,10.0,14.54,0.3,1.45
AggressiveCar3,10.0,14.76,0.3,1.48
AggressiveCar5,10.0,13.91,0.3,1.39
AggressiveCar7,10.0,14.49,0.3,1.45
AggressiveCar11,9.6,13.43,0.3,1.4
AggressiveCar12,4.1,5.82,0.3,1.42
AggressiveCar13,3.4,5.23,0.3,1.54
AggressiveCar1,10.0,13.76,0.3,1.38
AggressiveCar3,10.0,14.26,0.3,1.43
AggressiveCar5,10.0,13.74,0.3,1.37
AggressiveCar7,10.0,14.73,0.3,1.47
AggressiveCar11,9.7,13.12,0.3,1.35
AggressiveCar12,4.2,6.36,0.3,1.51
AggressiveCar13,3.5,5.36,0.3,1.53
AggressiveCar1,10.0,13.39,0.3,1.34
AggressiveCar3,10.0,14.69,0.3,1.47
AggressiveCar5,10.0,14.32,0.3,1.43
AggressiveCar7,10.0,13.97,0.3,1.4
AggressiveCar11,9.8,13.93,0.3,1.42
AggressiveCar12,4.3,6.53,0.3,1.52
AggressiveCar13,3.6,5.32,0.3,1.48
AggressiveCar1,10.0,14.49,0.3,1.45
AggressiveCar3,10.0,14.71,0.3,1.47
AggressiveCar5,10.0,13.57,0.3,1.36
AggressiveCar7,10.0,14.17,0.3,1.42
AggressiveCar11,9.9,14.25,0.3,1.44
AggressiveCar12,4.4,6.08,0.3,1.38
AggressiveCar13,3.7,5.52,0.3,1.49
AggressiveCar1,10.0,14.09,0.3,1.41
AggressiveCar3,10.0,14.75,0.3,1.48
AggressiveCar5,10.0,14.37,0.3,1.44
AggressiveCar7,10.0,14.79,0.3,1.48
AggressiveCar11,10.0,14.59,0.3,1.46
AggressiveCar12,4.5,6.62,0.3,1.47
AggressiveCar13,3.8,5.59,0.3,1.47
AggressiveCar1,10.0,13.97,0.3,1.4
AggressiveCar3,10.0,13.96,0.3,1.4
AggressiveCar5,10.0,14.72,0.3,1.47
AggressiveCar7,10.0,14.49,0.3,1.45
AggressiveCar11,10.0,13.96,0.3,1.4
AggressiveCar12,4.6,6.75,0.3,1.47
AggressiveCar13,3.9,5.95,0.3,1.53
AggressiveCar1,10.0,13.42,0.3,1.34
AggressiveCar3,10.0,14.4,0.3,1.44
AggressiveCar5,10.0,14.17,0.3,1.42
AggressiveCar7,10.0,13.78,0.3,1.38
AggressiveCar11,10.0,14.67,0.3,1.47
AggressiveCar12,4.7,6.83,0.3,1.45
AggressiveCar13,4.0,5.79,0.3,1.45
AggressiveCar1,10.0,14.45,0.3,1.44
AggressiveCar3,10.0,14.06,0.3,1.41
AggressiveCar5,10.0,13.34,0.3,1.33
AggressiveCar7,10.0,13.74,0.3,1.37
AggressiveCar11,10.0,14.02,0.3,1.4
AggressiveCar12,4.8,6.99,0.3,1.46
AggressiveCar13,4.1,5.73,0.3,1.4
AggressiveCar1,10.0,14.79,0.3,1.48
AggressiveCar3,10.0,14.54,0.3,1.45
AggressiveCar5,10.0,14.68,0.3,1.47
AggressiveCar7,10.0,14.26,0.3,1.43
AggressiveCar11,10.0,13.7,0.3,1.37
AggressiveCar12,4.9,7.26,0.3,1.48
AggressiveCar13,4.2,6.12,0.3,1.46
AggressiveCar1,10.0,13.76,0.3,1.38
AggressiveCar3,10.0,13.5,0.3,1.35
AggressiveCar5,10.0,14.38,0.3,1.44
AggressiveCar7,10.0,13.53,0.3,1.35
AggressiveCar11,10.0,13.85,0.3,1.39
AggressiveCar12,5.0,7.31,0.3,1.46
AggressiveCar13,4.3,6.21,0.3,1.44
AggressiveCar1,10.0,14.2,0.3,1.42
AggressiveCar3,10.0,14.19,0.3,1.42
AggressiveCar5,10.0,13.91,0.3,1.39
AggressiveCar7,10.0,14.3,0.3,1.43
AggressiveCar11,10.0,13.36,0.3,1.34
AggressiveCar13,4.4,6.29,0.3,1.43
AggressiveCar1,10.0,14.56,0.3,1.46
AggressiveCar3,10.0,14.4,0.3,1.44
AggressiveCar5,10.0,14.73,0.3,1.47
AggressiveCar7,10.0,14.65,0.3,1.47
AggressiveCar11,10.0,14.42,0.3,1.44
AggressiveCar13,4.5,6.35,0.3,1.41
AggressiveCar1,10.0,14.35,0.3,1.44
AggressiveCar3,10.0,14.21,0.3,1.42
AggressiveCar5,10.0,13.32,0.3,1.33
AggressiveCar7,10.0,14.11,0.3,1.41
AggressiveCar11,10.0,14.28,0.3,1.43
AggressiveCar13,4.6,6.9,0.3,1.5
AggressiveCar1,10.0,13.97,0.3,1.4
AggressiveCar3,10.0,13.4,0.3,1.34
AggressiveCar5,10.0,14.31,0.3,1.43
AggressiveCar7,10.0,14.09,0.3,1.41
AggressiveCar11,10.0,14.41,0.3,1.44
AggressiveCar13,4.7,6.46,0.3,1.37
AggressiveCar1,10.0,14.68,0.3,1.47
AggressiveCar3,10.0,13.8,0.3,1.38
AggressiveCar5,10.0,13.6,0.3,1.36
AggressiveCar7,10.0,13.49,0.3,1.35
AggressiveCar11,10.0,13.7,0.3,1.37
AggressiveCar13,4.8,6.92,0.3,1.44
AggressiveCar1,10.0,14.08,0.3,1.41
AggressiveCar3,10.0,13.94,0.3,1.39
AggressiveCar5,10.0,14.58,0.3,1.46
AggressiveCar7,10.0,13.66,0.3,1.37
AggressiveCar11,10.0,14.62,0.3,1.46
AggressiveCar13,4.9,6.73,0.3,1.37
AggressiveCar1,10.0,13.9,0.3,1.39
AggressiveCar3,10.0,14.42,0.3,1.44
AggressiveCar5,10.0,14.79,0.3,1.48
AggressiveCar7,10.0,14.61,0.3,1.46
AggressiveCar11,10.0,14.13,0.3,1.41
AggressiveCar13,5.0,7.3,0.3,1.46
AggressiveCar1,10.0,13.69,0.3,1.37
AggressiveCar3,10.0,13.78,0.3,1.38
AggressiveCar5,10.0,14.3,0.3,1.43
AggressiveCar7,10.0,14.63,0.3,1.46
AggressiveCar11,10.0,14.48,0.3,1.45
AggressiveCar13,5.1,6.98,0.3,1.37
AggressiveCar1,10.0,13.71,0.3,1.37
AggressiveCar3,10.0,14.25,0.3,1.43
AggressiveCar5,10.0,13.76,0.3,1.38
AggressiveCar7,10.0,13.53,0.3,1.35
AggressiveCar11,10.0,14.57,0.3,1.46
AggressiveCar13,5.2,7.6,0.3,1.46
AggressiveCar1,10.0,13.52,0.3,1.35
AggressiveCar3,10.0,14.74,0.3,1.47
AggressiveCar5,10.0,14.62,0.3,1.46
AggressiveCar7,10.0,14.41,0.3,1.44
AggressiveCar11,10.0,13.78,0.3,1.38
AggressiveCar13,5.3,7.48,0.3,1.41
AggressiveCar1,10.0,14.52,0.3,1.45
AggressiveCar3,10.0,13.48,0.3,1.35
AggressiveCar5,10.0,14.53,0.3,1.45
AggressiveCar7,10.0,14.16,0.3,1.42
AggressiveCar11,10.0,13.62,0.3,1.36
AggressiveCar13,5.4,8.12,0.3,1.5
AggressiveCar1,10.0,13.58,0.3,1.36
AggressiveCar3,10.0,13.95,0.3,1.4
AggressiveCar5,10.0,13.58,0.3,1.36
AggressiveCar7,10.0,14.67,0.3,1.47
AggressiveCar11,10.0,13.88,0.3,1.39
AggressiveCar13,5.5,7.59,0.3,1.38
AggressiveCar1,10.0,14.04,0.3,1.4
AggressiveCar3,10.0,13.8,0.3,1.38
AggressiveCar5,10.0,14.65,0.3,1.47
AggressiveCar7,10.0,13.57,0.3,1.36
AggressiveCar11,10.0,14.47,0.3,1.45
AggressiveCar13,5.6,7.65,0.3,1.37
AggressiveCar1,10.0,14.31,0.3,1.43
AggressiveCar3,10.0,13.78,0.3,1.38
AggressiveCar5,10.0,14.59,0.3,1.46
AggressiveCar7,10.0,13.86,0.3,1.39
AggressiveCar11,10.0,14.06,0.3,1.41
AggressiveCar13,5.7,7.79,0.3,1.37
AggressiveCar1,10.0,14.26,0.3,1.43
AggressiveCar3,10.0,14.11,0.3,1.41
AggressiveCar5,10.0,13.65,0.3,1.36
AggressiveCar7,10.0,13.85,0.3,1.39
AggressiveCar11,10.0,14.12,0.3,1.41
AggressiveCar13,5.8,7.94,0.3,1.37
AggressiveCar1,10.0,14.5,0.3,1.45
AggressiveCar3,10.0,13.98,0.3,1.4
AggressiveCar5,10.0,14.57,0.3,1.46
AggressiveCar7,10.0,14.6,0.3,1.46
AggressiveCar11,10.0,14.42,0.3,1.44
AggressiveCar13,5.9,8.43,0.3,1.43
AggressiveCar1,10.0,14.04,0.3,1.4
AggressiveCar3,10.0,13.54,0.3,1.35
AggressiveCar5,10.0,14.12,0.3,1.41
AggressiveCar7,10.0,13.55,0.3,1.35
AggressiveCar11,10.0,14.5,0.3,1.45
AggressiveCar13,6.0,8.36,0.3,1.39
AggressiveCar1,10.0,13.85,0.3,1.39
AggressiveCar3,10.0,14.71,0.3,1.47
AggressiveCar5,10.0,14.15,0.3,1.42
AggressiveCar7,10.0,14.04,0.3,1.4
AggressiveCar11,10.0,14.42,0.3,1.44
AggressiveCar13,6.1,8.7,0.3,1.43
AggressiveCar1,10.0,13.35,0.3,1.33
AggressiveCar3,10.0,13.74,0.3,1.37
AggressiveCar5,10.0,14.32,0.3,1.43
AggressiveCar7,10.0,14.69,0.3,1.47
AggressiveCar11,10.0,13.55,0.3,1.35
AggressiveCar13,6.2,8.64,0.3,1.39
AggressiveCar1,10.0,13.42,0.3,1.34
AggressiveCar3,10.0,14.71,0.3,1.47
AggressiveCar5,10.0,14.67,0.3,1.47
AggressiveCar7,10.0,13.87,0.3,1.39
AggressiveCar11,10.0,14.01,0.3,1.4
AggressiveCar13,6.3,9.42,0.3,1.5
AggressiveCar1,10.0,13.77,0.3,1.38
AggressiveCar3,10.0,13.68,0.3,1.37
AggressiveCar5,10.0,13.87,0.3,1.39
AggressiveCar7,10.0,14.74,0.3,1.47
AggressiveCar11,10.0,13.33,0.3,1.33
AggressiveCar13,6.4,8.93,0.3,1.4
AggressiveCar1,10.0,13.54,0.3,1.35
AggressiveCar3,10.0,13.66,0.3,1.37
AggressiveCar5,10.0,13.77,0.3,1.38
AggressiveCar7,10.0,13.85,0.3,1.39
AggressiveCar11,10.0,14.75,0.3,1.48
AggressiveCar13,6.5,8.88,0.3,1.37
AggressiveCar1,10.0,14.1,0.3,1.41
AggressiveCar3,10.0,13.87,0.3,1.39
AggressiveCar5,10.0,13.98,0.3,1.4
AggressiveCar7,10.0,13.85,0.3,1.39
AggressiveCar11,10.0,14.28,0.3,1.43
AggressiveCar13,6.6,9.25,0.3,1.4
AggressiveCar1,10.0,14.12,0.3,1.41
AggressiveCar3,10.0,14.2,0.3,1.42
AggressiveCar5,10.0,14.08,0.3,1.41
AggressiveCar7,10.0,14.44,0.3,1.44
AggressiveCar11,10.0,13.68,0.3,1.37
AggressiveCar13,6.7,9.3,0.3,1.39
AggressiveCar1,10.0,14.53,0.3,1.45
AggressiveCar3,10.0,14.57,0.3,1.46
AggressiveCar5,10.0,14.72,0.3,1.47
AggressiveCar7,10.0,14.8,0.3,1.48
AggressiveCar11,10.0,14.03,0.3,1.4
AggressiveCar13,6.8,10.09,0.3,1.48
AggressiveCar1,10.0,13.55,0.3,1.35
AggressiveCar3,10.0,14.47,0.3,1.45
AggressiveCar5,10.0,14.35,0.3,1.44
AggressiveCar7,10.0,13.56,0.3,1.36
AggressiveCar11,10.0,14.03,0.3,1.4
AggressiveCar13,6.9,10.12,0.3,1.47
AggressiveCar1,10.0,14.64,0.3,1.46
AggressiveCar3,10.0,14.2,0.3,1.42
AggressiveCar5,10.0,14.29,0.3,1.43
AggressiveCar7,10.0,14.51,0.3,1.45
AggressiveCar11,10.0,13.34,0.3,1.33
AggressiveCar13,7.0,10.35,0.3,1.48
AggressiveCar1,10.0,13.85,0.3,1.39
AggressiveCar3,10.0,14.26,0.3,1.43
AggressiveCar5,10.0,13.53,0.3,1.35
AggressiveCar7,10.0,14.63,0.3,1.46
AggressiveCar11,10.0,13.32,0.3,1.33
AggressiveCar13,7.1,10.16,0.3,1.43
AggressiveCar1,10.0,14.56,0.3,1.46
AggressiveCar3,10.0,13.79,0.3,1.38
AggressiveCar5,10.0,14.74,0.3,1.47
AggressiveCar7,10.0,14.25,0.3,1.43
AggressiveCar11,10.0,14.79,0.3,1.48
AggressiveCar13,7.2,9.73,0.3,1.35
AggressiveCar1,10.0,14.75,0.3,1.48
AggressiveCar3,10.0,14.39,0.3,1.44
AggressiveCar5,10.0,14.48,0.3,1.45
AggressiveCar7,10.0,13.89,0.3,1.39
AggressiveCar11,10.0,14.23,0.3,1.42
AggressiveCar13,7.3,9.98,0.3,1.37
AggressiveCar1,10.0,13.97,0.3,1.4
AggressiveCar3,10.0,13.54,0.3,1.35
AggressiveCar5,10.0,13.39,0.3,1.34
AggressiveCar7,10.0,14.34,0.3,1.43
AggressiveCar11,10.0,14.6,0.3,1.46
AggressiveCar13,7.4,10.28,0.3,1.39
AggressiveCar1,10.0,14.25,0.3,1.43
AggressiveCar3,10.0,13.9,0.3,1.39
AggressiveCar5,10.0,14.57,0.3,1.46
AggressiveCar7,10.0,14.38,0.3,1.44
AggressiveCar11,10.0,13.64,0.3,1.36
AggressiveCar13,7.5,10.14,0.3,1.35
AggressiveCar1,10.0,14.32,0.3,1.43
AggressiveCar3,10.0,14.02,0.3,1.4
AggressiveCar5,10.0,14.23,0.3,1.42
AggressiveCar7,10.0,13.78,0.3,1.38
AggressiveCar11,10.0,14.6,0.3,1.46
AggressiveCar13,7.6,10.56,0.3,1.39
AggressiveCar1,10.0,13.43,0.3,1.34
AggressiveCar3,10.0,14.37,0.3,1.44
AggressiveCar5,10.0,13.58,0.3,1.36
AggressiveCar7,10.0,13.43,0.3,1.34
AggressiveCar11,10.0,13.6,0.3,1.36
AggressiveCar13,7.7,10.98,0.3,1.43
AggressiveCar1,10.0,14.53,0.3,1.45
AggressiveCar3,10.0,14.05,0.3,1.41
AggressiveCar5,10.0,13.33,0.3,1.33
AggressiveCar7,10.0,14.06,0.3,1.41
AggressiveCar11,10.0,14.3,0.3,1.43
AggressiveCar13,7.8,11.33,0.3,1.45
AggressiveCar1,10.0,13.96,0.3,1.4
AggressiveCar3,10.0,13.94,0.3,1.39
AggressiveCar5,10.0,14.18,0.3,1.42
AggressiveCar7,10.0,14.63,0.3,1.46
AggressiveCar11,10.0,13.37,0.3,1.34
AggressiveCar13,7.9,10.65,0.3,1.35
AggressiveCar1,10.0,13.51,0.3,1.35
AggressiveCar3,10.0,14.2,0.3,1.42
AggressiveCar5,10.0,14.38,0.3,1.44
AggressiveCar7,10.0,13.93,0.3,1.39
AggressiveCar11,10.0,13.69,0.3,1.37
AggressiveCar13,8.0,11.83,0.3,1.48
AggressiveCar1,10.0,14.25,0.3,1.43
AggressiveCar3,10.0,13.4,0.3,1.34
AggressiveCar5,10.0,13.93,0.3,1.39
AggressiveCar7,10.0,13.63,0.3,1.36
AggressiveCar11,10.0,13.35,0.3,1.33
AggressiveCar13,8.1,11.43,0.3,1.41
AggressiveCar1,10.0,13.7,0.3,1.37
AggressiveCar3,10.0,14.48,0.3,1.45
AggressiveCar5,10.0,13.73,0.3,1.37
AggressiveCar7,10.0,13.3,0.3,1.33
AggressiveCar11,10.0,14.52,0.3,1.45
AggressiveCar13,8.2,11.3,0.3,1.38
AggressiveCar1,10.0,14.58,0.3,1.46
AggressiveCar3,10.0,13.6,0.3,1.36
AggressiveCar5,10.0,14.62,0.3,1.46
AggressiveCar7,10.0,13.36,0.3,1.34
AggressiveCar11,10.0,14.55,0.3,1.46
AggressiveCar13,8.3,12.17,0.3,1.47
AggressiveCar1,10.0,14.71,0.3,1.47
AggressiveCar3,10.0,13.76,0.3,1.38
AggressiveCar5,10.0,14.32,0.3,1.43
AggressiveCar7,10.0,13.55,0.3,1.35
AggressiveCar11,10.0,13.51,0.3,1.35
AggressiveCar13,8.4,11.67,0.3,1.39
AggressiveCar1,10.0,14.44,0.3,1.44
AggressiveCar3,10.0,14.55,0.3,1.46
AggressiveCar5,10.0,14.42,0.3,1.44
AggressiveCar7,10.0,14.24,0.3,1.42
AggressiveCar11,10.0,13.48,0.3,1.35
AggressiveCar13,8.5,12.36,0.3,1.45
AggressiveCar1,10.0,14.44,0.3,1.44
AggressiveCar3,10.0,14.23,0.3,1.42
AggressiveCar5,10.0,14.24,0.3,1.42
AggressiveCar7,10.0,14.41,0.3,1.44
AggressiveCar11,10.0,13.5,0.3,1.35
AggressiveCar13,8.6,12.29,0.3,1.43
AggressiveCar1,10.0,13.36,0.3,1.34
AggressiveCar3,10.0,13.57,0.3,1.36
AggressiveCar5,10.0,14.24,0.3,1.42
AggressiveCar7,10.0,13.49,0.3,1.35
AggressiveCar11,10.0,14.77,0.3,1.48
AggressiveCar13,8.7,11.9,0.3,1.37
AggressiveCar1,10.0,14.64,0.3,1.46
AggressiveCar3,10.0,13.84,0.3,1.38
AggressiveCar5,10.0,14.04,0.3,1.4
AggressiveCar7,10.0,14.47,0.3,1.45
AggressiveCar11,10.0,14.31,0.3,1.43
AggressiveCar13,8.8,12.75,0.3,1.45
AggressiveCar1,10.0,13.34,0.3,1.33
AggressiveCar3,10.0,14.77,0.3,1.48
AggressiveCar5,10.0,13.78,0.3,1.38
AggressiveCar7,10.0,14.35,0.3,1.44
AggressiveCar11,10.0,14.2,0.3,1.42
AggressiveCar13,8.9,12.82,0.3,1.44
AggressiveCar1,10.0,14.36,0.3,1.44
AggressiveCar3,10.0,14.04,0.3,1.4
AggressiveCar5,10.0,13.47,0.3,1.35
AggressiveCar7,10.0,13.64,0.3,1.36
AggressiveCar11,10.0,14.64,0.3,1.46
AggressiveCar13,9.0,13.21,0.3,1.47
AggressiveCar1,10.0,14.5,0.3,1.45
AggressiveCar3,10.0,14.38,0.3,1.44
AggressiveCar5,10.0,13.88,0.3,1.39
AggressiveCar7,10.0,14.62,0.3,1.46
AggressiveCar11,10.0,13.76,0.3,1.38
AggressiveCar13,9.1,13.27,0.3,1.46
AggressiveCar1,10.0,14.34,0.3,1.43
AggressiveCar3,10.0,13.85,0.3,1.39
AggressiveCar5,10.0,13.62,0.3,1.36
AggressiveCar7,10.0,14.8,0.3,1.48
AggressiveCar11,10.0,13.58,0.3,1.36
AggressiveCar13,9.2,13.05,0.3,1.42
AggressiveCar1,10.0,14.29,0.3,1.43
AggressiveCar3,10.0,14.48,0.3,1.45
AggressiveCar5,10.0,14.13,0.3,1.41
AggressiveCar7,10.0,14.14,0.3,1.41
AggressiveCar11,10.0,13.49,0.3,1.35
AggressiveCar13,9.3,13.14,0.3,1.41
AggressiveCar1,10.0,14.23,0.3,1.42
AggressiveCar3,10.0,14.11,0.3,1.41
AggressiveCar5,10.0,14.6,0.3,1.46
AggressiveCar7,10.0,13.69,0.3,1.37
AggressiveCar11,10.0,13.73,0.3,1.37
AggressiveCar13,9.4,12.98,0.3,1.38
AggressiveCar1,10.0,13.9,0.3,1.39
AggressiveCar3,10.0,14.58,0.3,1.46
AggressiveCar5,10.0,14.13,0.3,1.41
AggressiveCar7,10.0,14.42,0.3,1.44
AggressiveCar11,10.0,13.5,0.3,1.35
AggressiveCar13,9.5,13.59,0.3,1.43
AggressiveCar1,10.0,13.32,0.3,1.33
AggressiveCar3,10.0,14.49,0.3,1.45
AggressiveCar5,10.0,14.75,0.3,1.48
AggressiveCar7,10.0,13.74,0.3,1.37
AggressiveCar11,10.0,14.01,0.3,1.4
AggressiveCar13,9.6,13.92,0.3,1.45
AggressiveCar1,10.0,14.54,0.3,1.45
AggressiveCar3,10.0,14.76,0.3,1.48
AggressiveCar5,10.0,14.67,0.3,1.47
AggressiveCar7,10.0,13.75,0.3,1.38
AggressiveCar11,10.0,13.69,0.3,1.37
AggressiveCar13,9.7,13.34,0.3,1.38
AggressiveCar1,10.0,13.98,0.3,1.4
AggressiveCar3,10.0,13.91,0.3,1.39
AggressiveCar5,10.0,13.3,0.3,1.33
AggressiveCar7,10.0,14.02,0.3,1.4
AggressiveCar11,10.0,14.36,0.3,1.44
AggressiveCar13,9.8,13.14,0.3,1.34
AggressiveCar1,10.0,14.79,0.3,1.48
AggressiveCar3,10.0,13.95,0.3,1.4
AggressiveCar5,10.0,14.74,0.3,1.47
AggressiveCar7,10.0,14.36,0.3,1.44
AggressiveCar11,10.0,13.74,0.3,1.37
AggressiveCar13,9.9,14.57,0.3,1.47
AggressiveCar1,10.0,13.56,0.3,1.36
AggressiveCar3,10.0,14.38,0.3,1.44
AggressiveCar5,10.0,14.2,0.3,1.42
AggressiveCar7,10.0,14.61,0.3,1.46
AggressiveCar11,10.0,14.71,0.3,1.47
AggressiveCar13,10.0,13.66,0.3,1.37
AggressiveCar1,10.0,14.71,0.3,1.47
AggressiveCar3,10.0,14.76,0.3,1.48
AggressiveCar5,10.0,14.33,0.3,1.43
AggressiveCar7,10.0,13.98,0.3,1.4
AggressiveCar11,10.0,13.65,0.3,1.36
AggressiveCar13,10.0,13.69,0.3,1.37
AggressiveCar1,10.0,14.56,0.3,1.46
AggressiveCar3,10.0,14.45,0.3,1.44
AggressiveCar5,10.0,14.15,0.3,1.42
AggressiveCar7,10.0,14.43,0.3,1.44
AggressiveCar11,10.0,13.49,0.3,1.35
AggressiveCar13,10.0,14.32,0.3,1.43
AggressiveCar1,10.0,14.72,0.3,1.47
AggressiveCar3,10.0,14.12,0.3,1.41
AggressiveCar5,10.0,14.55,0.3,1.46
AggressiveCar7,10.0,14.2,0.3,1.42
AggressiveCar11,10.0,13.76,0.3,1.38
AggressiveCar13,10.0,14.62,0.3,1.46
AggressiveCar1,10.0,14.65,0.3,1.47
AggressiveCar3,10.0,14.02,0.3,1.4
AggressiveCar5,10.0,14.58,0.3,1.46
AggressiveCar7,10.0,14.48,0.3,1.45
AggressiveCar11,10.0,13.63,0.3,1.36
AggressiveCar13,10.0,14.55,0.3,1.46
AggressiveCar1,10.0,14.14,0.3,1.41
AggressiveCar3,10.0,14.06,0.3,1.41
AggressiveCar5,10.0,13.69,0.3,1.37
AggressiveCar7,10.0,13.7,0.3,1.37
AggressiveCar11,10.0,14.23,0.3,1.42
AggressiveCar13,10.0,14.73,0.3,1.47
